"Vuosi";"Miehet 0";"Miehet 1";"Miehet 2";"Miehet 3";"Miehet 4";"Miehet 5";"Miehet 6";"Miehet 7";"Miehet 8";"Miehet 9";"Miehet 10";"Miehet 11";"Miehet 12";"Miehet 13";"Miehet 14";"Miehet 15";"Miehet 16";"Miehet 17";"Miehet 18";"Miehet 19";"Miehet 20";"Miehet 21";"Miehet 22";"Miehet 23";"Miehet 24";"Miehet 25";"Miehet 26";"Miehet 27";"Miehet 28";"Miehet 29";"Miehet 30";"Miehet 31";"Miehet 32";"Miehet 33";"Miehet 34";"Miehet 35";"Miehet 36";"Miehet 37";"Miehet 38";"Miehet 39";"Miehet 40";"Miehet 41";"Miehet 42";"Miehet 43";"Miehet 44";"Miehet 45";"Miehet 46";"Miehet 47";"Miehet 48";"Miehet 49";"Miehet 50";"Miehet 51";"Miehet 52";"Miehet 53";"Miehet 54";"Miehet 55";"Miehet 56";"Miehet 57";"Miehet 58";"Miehet 59";"Miehet 60";"Miehet 61";"Miehet 62";"Miehet 63";"Miehet 64";"Miehet 65";"Miehet 66";"Miehet 67";"Miehet 68";"Miehet 69";"Miehet 70";"Miehet 71";"Miehet 72";"Miehet 73";"Miehet 74";"Miehet 75";"Miehet 76";"Miehet 77";"Miehet 78";"Miehet 79";"Miehet 80";"Miehet 81";"Miehet 82";"Miehet 83";"Miehet 84";"Miehet 85";"Miehet 86";"Miehet 87";"Miehet 88";"Miehet 89";"Miehet 90";"Miehet 91";"Miehet 92";"Miehet 93";"Miehet 94";"Miehet 95";"Miehet 96";"Miehet 97";"Miehet 98";"Miehet 99";"Miehet 100 -";"Naiset 0";"Naiset 1";"Naiset 2";"Naiset 3";"Naiset 4";"Naiset 5";"Naiset 6";"Naiset 7";"Naiset 8";"Naiset 9";"Naiset 10";"Naiset 11";"Naiset 12";"Naiset 13";"Naiset 14";"Naiset 15";"Naiset 16";"Naiset 17";"Naiset 18";"Naiset 19";"Naiset 20";"Naiset 21";"Naiset 22";"Naiset 23";"Naiset 24";"Naiset 25";"Naiset 26";"Naiset 27";"Naiset 28";"Naiset 29";"Naiset 30";"Naiset 31";"Naiset 32";"Naiset 33";"Naiset 34";"Naiset 35";"Naiset 36";"Naiset 37";"Naiset 38";"Naiset 39";"Naiset 40";"Naiset 41";"Naiset 42";"Naiset 43";"Naiset 44";"Naiset 45";"Naiset 46";"Naiset 47";"Naiset 48";"Naiset 49";"Naiset 50";"Naiset 51";"Naiset 52";"Naiset 53";"Naiset 54";"Naiset 55";"Naiset 56";"Naiset 57";"Naiset 58";"Naiset 59";"Naiset 60";"Naiset 61";"Naiset 62";"Naiset 63";"Naiset 64";"Naiset 65";"Naiset 66";"Naiset 67";"Naiset 68";"Naiset 69";"Naiset 70";"Naiset 71";"Naiset 72";"Naiset 73";"Naiset 74";"Naiset 75";"Naiset 76";"Naiset 77";"Naiset 78";"Naiset 79";"Naiset 80";"Naiset 81";"Naiset 82";"Naiset 83";"Naiset 84";"Naiset 85";"Naiset 86";"Naiset 87";"Naiset 88";"Naiset 89";"Naiset 90";"Naiset 91";"Naiset 92";"Naiset 93";"Naiset 94";"Naiset 95";"Naiset 96";"Naiset 97";"Naiset 98";"Naiset 99";"Naiset 100 -"
"2014";29494;30176;30816;31076;31924;31583;31296;31070;31105;30263;30629;29763;29488;29560;30157;30257;29948;30955;32100;33232;34184;34142;35581;35125;35730;34937;35269;33818;34442;35554;36744;37624;37525;35685;35545;35038;35461;35566;35809;35232;33254;30562;31537;32084;33139;33996;36130;37083;37237;37266;38032;38293;37847;37345;36926;36745;35387;36886;37702;37146;36527;36288;37479;35976;37051;37890;38068;37407;35918;31804;24746;23315;18214;26005;17757;19787;18849;16803;15233;14561;12884;11473;10943;10462;9265;7887;6966;5582;4613;3759;2925;2131;1492;1141;783;492;362;196;141;88;100;28176;28628;29603;29907;30336;30292;29976;29551;29786;29251;29063;28797;28009;28361;28472;29050;28711;29963;30555;31811;32916;32816;33870;33694;34028;33436;33729;32128;32571;33681;34738;35506;34887;33777;33356;33443;33241;33786;33832;33021;31899;28819;29838;31278;32269;32777;35319;36226;36552;36731;37381;37794;37309;37361;37297;37039;35942;37447;38436;38167;38702;37818;38957;37522;38910;39978;40742;40518;39440;34849;28159;26611;21325;30790;21951;25472;24013;22441;20856;20409;19054;17400;17847;17123;16986;15614;14089;12167;10726;9651;7750;6766;5246;4167;3126;1782;1504;1042;674;437;641
"2015";29173;29669;30297;30945;31170;32027;31691;31378;31148;31174;30350;30706;29837;29570;29620;30222;30344;30044;31095;32241;33358;34296;34332;35843;35407;36031;35239;35537;34078;34685;35765;36933;37771;37658;35805;35670;35131;35520;35646;35859;35271;33283;30600;31566;32116;33132;33965;36075;37013;37157;37170;37909;38158;37694;37164;36722;36512;35147;36607;37415;36805;36186;35912;37049;35532;36564;37310;37487;36749;35260;31169;24257;22783;17764;25249;17223;19120;18133;16055;14517;13790;12113;10667;10124;9550;8362;7050;6108;4813;3927;3119;2361;1667;1161;850;578;355;247;123;85;96;27924;28328;28762;29704;29995;30427;30391;30077;29612;29873;29339;29144;28860;28078;28434;28540;29110;28785;30109;30594;31863;33028;33011;34112;33964;34282;33653;33946;32340;32749;33846;34868;35613;35015;33881;33431;33542;33333;33851;33897;33088;31970;28911;29891;31320;32300;32816;35355;36234;36546;36736;37361;37752;37276;37310;37255;36949;35844;37345;38308;38036;38535;37651;38749;37314;38668;39709;40448;40185;39112;34498;27871;26298;21067;30370;21589;25036;23510;21909;20291;19782;18371;16686;16993;16165;15893;14451;12866;10909;9496;8362;6600;5608;4240;3294;2397;1334;1072;704;449;638
"2016";29270;29368;29813;30456;31075;31300;32156;31787;31482;31227;31275;30435;30781;29930;29648;29708;30307;30455;30217;31254;32401;33507;34528;34645;36176;35773;36370;35585;35831;34375;34946;36000;37144;37942;37806;35960;35798;35225;35618;35726;35926;35316;33338;30651;31617;32133;33122;33955;36029;36929;37068;37088;37794;38000;37535;36963;36500;36299;34892;36335;37078;36479;35830;35522;36619;35074;36007;36769;36854;36102;34582;30551;23711;22243;17276;24501;16643;18424;17338;15333;13765;12961;11295;9880;9259;8644;7485;6212;5263;4106;3259;2526;1849;1306;867;628;409;241;150;85;90;28013;28103;28489;28876;29802;30127;30541;30516;30161;29717;29956;29419;29224;28962;28154;28514;28628;29191;28941;30169;30701;32006;33264;33327;34430;34278;34538;33926;34200;32564;32955;34033;35036;35761;35139;33991;33563;33634;33441;33940;33979;33174;32060;28985;29959;31375;32353;32862;35371;36260;36551;36740;37331;37745;37224;37260;37174;36870;35768;37236;38172;37871;38366;37461;38545;37105;38413;39430;40139;39839;38721;34176;27541;25985;20800;29890;21227;24521;22981;21339;19674;19091;17632;15899;16082;15151;14716;13234;11562;9678;8237;7135;5492;4536;3359;2520;1794;964;727;467;640
"2017";29331;29470;29521;29967;30588;31203;31427;32242;31886;31563;31334;31363;30513;30883;30011;29724;29797;30427;30607;30383;31429;32554;33730;34843;34999;36521;36130;36708;35865;36133;34632;35192;36208;37320;38086;37950;36092;35883;35359;35693;35787;35971;35351;33362;30722;31646;32135;33116;33918;35953;36865;36972;36977;37648;37848;37324;36768;36271;36025;34649;36028;36748;36137;35447;35106;36143;34570;35520;36159;36220;35403;33918;29924;23141;21645;16771;23716;16050;17638;16586;14536;12960;12098;10482;9075;8376;7763;6589;5368;4490;3424;2642;1981;1454;971;644;464;272;152;98;85;28078;28198;28263;28595;29009;29912;30229;30673;30598;30246;29826;30050;29509;29301;29044;28228;28590;28694;29355;29040;30258;30856;32264;33566;33649;34742;34536;34805;34174;34411;32780;33156;34177;35196;35886;35238;34113;33664;33746;33508;34035;34070;33248;32149;29046;30029;31416;32407;32882;35396;36280;36561;36710;37319;37685;37182;37205;37084;36788;35653;37092;38031;37719;38172;37260;38337;36861;38165;39118;39788;39488;38345;33772;27241;25660;20479;29391;20815;23972;22390;20704;19014;18355;16815;15082;15064;14070;13492;11904;10272;8417;7049;5952;4443;3592;2592;1881;1296;645;492;653
"2018";29392;29536;29602;29688;30098;30715;31314;31533;32355;31961;31651;31424;31451;30601;30964;30078;29818;29925;30590;30781;30549;31578;32793;34049;35195;35339;36888;36454;36995;36163;36373;34886;35416;36390;37461;38235;38073;36183;35988;35429;35781;35818;36018;35383;33416;30754;31637;32124;33093;33862;35904;36774;36866;36841;37486;37662;37124;36519;36046;35759;34370;35723;36413;35749;35037;34684;35656;34103;34936;35552;35549;34738;33207;29217;22550;21031;16261;22881;15400;16870;15747;13718;12114;11246;9619;8232;7527;6851;5715;4586;3764;2781;2085;1552;1081;725;455;314;176;106;83;28130;28265;28341;28381;28716;29127;30034;30354;30748;30688;30358;29901;30131;29594;29387;29113;28306;28667;28850;29455;29134;30431;31106;32577;33905;33962;34999;34785;35051;34380;34605;32991;33309;34352;35311;35988;35343;34222;33764;33829;33601;34121;34159;33330;32188;29113;30088;31480;32434;32910;35417;36266;36546;36699;37262;37654;37124;37114;36987;36685;35532;36957;37869;37533;37976;37058;38098;36621;37865;38803;39436;39112;37917;33395;26902;25277;20153;28833;20356;23382;21748;20031;18292;17516;15963;14146;14022;12922;12170;10586;8960;7209;5882;4823;3532;2773;1943;1359;888;432;677
"2019";29417;29583;29685;29769;29821;30219;30838;31434;31619;32418;32071;31749;31506;31531;30682;31036;30195;29922;30082;30764;30933;30726;31818;33111;34419;35531;35712;37197;36756;37272;36409;36624;35099;35604;36560;37598;38358;38155;36285;36084;35481;35819;35871;36045;35423;33454;30746;31642;32123;33030;33801;35832;36667;36746;36692;37308;37441;36904;36283;35783;35500;34074;35390;36049;35351;34628;34219;35170;33568;34357;34924;34895;34047;32460;28462;21927;20392;15707;21965;14749;16047;14869;12852;11271;10344;8732;7415;6670;5935;4902;3846;3053;2202;1631;1159;816;520;311;197;111;104;28161;28294;28417;28476;28503;28828;29236;30173;30426;30840;30796;30435;29995;30210;29670;29466;29184;28409;28821;28941;29538;29306;30688;31425;32925;34195;34225;35265;35045;35243;34581;34810;33133;33482;34479;35414;36088;35474;34305;33862;33911;33692;34202;34226;33386;32243;29169;30139;31516;32470;32953;35412;36260;36523;36654;37243;37577;37021;37035;36876;36563;35400;36822;37681;37346;37774;36834;37836;36356;37571;38478;39059;38679;37512;33001;26505;24883;19786;28220;19897;22690;21052;19291;17489;16636;15009;13182;12894;11673;10850;9258;7675;6029;4783;3833;2742;2071;1406;933;591;645
"2020";29412;29611;29743;29843;29907;29941;30345;30953;31506;31732;32519;32149;31826;31584;31617;30760;31133;30299;30096;30249;30929;31104;30957;32150;33469;34769;35901;36040;37495;37033;37516;36649;36837;35295;35765;36718;37724;38442;38233;36369;36148;35549;35855;35901;36076;35451;33443;30756;31627;32064;33002;33737;35719;36575;36598;36500;37113;37227;36657;36050;35500;35206;33770;35059;35651;34952;34173;33769;34641;33014;33783;34279;34209;33316;31639;27688;21275;19726;15092;21065;14037;15173;13956;11952;10386;9414;7878;6580;5793;5108;4105;3132;2422;1717;1231;872;580;359;200;122;101;28161;28334;28464;28528;28587;28625;28955;29355;30241;30543;30940;30862;30528;30070;30296;29752;29540;29260;28570;28907;29053;29705;29555;31027;31771;33233;34469;34481;35509;35236;35448;34776;34945;33302;33624;34583;35524;36202;35537;34399;33948;33991;33795;34264;34285;33432;32291;29230;30178;31564;32493;32951;35413;36239;36499;36620;37169;37481;36967;36914;36766;36423;35263;36631;37499;37153;37555;36599;37567;36073;37259;38124;38644;38278;37055;32538;26105;24440;19377;27571;19326;22006;20291;18458;16636;15663;13998;12140;11666;10425;9490;7959;6435;4918;3805;2980;2058;1503;963;617;742
"2021";29395;29606;29777;29882;29986;30029;30066;30460;31041;31610;31800;32614;32234;31910;31673;31682;30857;31252;30461;30258;30425;31089;31359;31282;32518;33839;35122;36236;36339;37767;37279;37757;36865;37005;35462;35934;36833;37818;38529;38323;36430;36185;35592;35896;35949;36085;35437;33432;30754;31588;32034;32943;33659;35606;36418;36432;36323;36890;37000;36416;35772;35223;34914;33456;34685;35250;34495;33754;33254;34105;32475;33177;33632;33485;32482;30817;26903;20586;18958;14499;20066;13297;14253;13011;11032;9470;8523;6982;5735;4979;4295;3358;2470;1905;1299;921;628;395;233;126;132;28127;28338;28503;28576;28654;28710;28741;29076;29442;30345;30625;31029;30952;30587;30167;30371;29818;29624;29434;28639;29014;29227;29969;29899;31362;32098;33495;34728;34739;35712;35431;35624;34929;35085;33462;33727;34700;35635;36280;35617;34499;34024;34093;33848;34323;34325;33476;32349;29279;30225;31576;32517;32972;35376;36204;36465;36557;37090;37401;36844;36813;36632;36266;35115;36454;37317;36928;37319;36339;37293;35784;36922;37722;38266;37829;36561;32035;25652;23951;18941;26826;18746;21235;19436;17580;15676;14632;12906;11019;10437;9134;8178;6663;5265;3915;2973;2239;1503;1013;641;817
"2022";29347;29594;29771;29916;30027;30096;30152;30180;30571;31119;31702;31898;32688;32312;32001;31746;31768;30990;31403;30629;30437;30584;31333;31677;31666;32883;34203;35472;36531;36626;38003;37503;37967;37040;37159;35643;36051;36937;37922;38592;38373;36492;36221;35628;35943;35964;36091;35406;33425;30712;31576;31962;32870;33572;35483;36249;36254;36111;36677;36757;36146;35487;34937;34582;33120;34302;34821;34074;33258;32767;33537;31913;32577;32921;32695;31648;29949;26040;19839;18206;13831;19029;12509;13302;12021;10066;8575;7585;6108;4929;4209;3499;2663;1957;1433;972;662;433;258;148;134;28101;28309;28487;28613;28699;28765;28835;28871;29168;29522;30446;30716;31107;31029;30687;30219;30454;29899;29787;29506;28761;29182;29475;30310;30247;31694;32381;33760;34977;34936;35918;35609;35770;35074;35227;33558;33852;34806;35732;36358;35702;34584;34121;34159;33900;34366;34366;33525;32397;29318;30257;31603;32517;32942;35383;36161;36407;36470;37017;37304;36725;36678;36492;36112;34935;36280;37098;36711;37056;36078;36995;35474;36554;37353;37829;37334;36018;31501;25146;23430;18441;26030;18105;20370;18529;16586;14667;13517;11719;9863;9190;7877;6865;5466;4195;3071;2216;1636;1025;687;880
"2023";29275;29537;29752;29929;30048;30149;30231;30264;30278;30646;31225;31778;31989;32767;32406;32066;31842;31891;31134;31576;30793;30603;30834;31669;32053;32024;33268;34550;35763;36820;36878;38240;37712;38139;37190;37332;35756;36159;37025;38006;38653;38423;36527;36258;35674;35961;35956;36068;35378;33386;30690;31516;31910;32794;33437;35347;36070;36044;35903;36434;36501;35881;35188;34627;34243;32766;33884;34406;33606;32764;32246;32976;31352;31909;32168;31869;30765;29039;25106;19061;17392;13128;17920;11693;12302;11000;9145;7633;6618;5283;4162;3449;2777;2096;1484;1081;711;456;277;152;166;28019;28268;28473;28605;28732;28823;28890;28947;28960;29267;29635;30524;30796;31189;31097;30763;30295;30533;30074;29851;29609;28930;29449;29815;30650;30603;31968;32652;34034;35173;35141;36073;35764;35922;35199;35337;33683;33955;34900;35809;36448;35786;34657;34186;34205;33949;34425;34409;33584;32421;29350;30276;31620;32511;32926;35338;36110;36344;36384;36908;37190;36610;36516;36341;35947;34771;36088;36866;36463;36796;35802;36678;35115;36216;36954;37338;36778;35440;30906;24598;22834;17930;25149;17388;19434;17510;15533;13566;12303;10520;8684;7914;6640;5641;4376;3271;2304;1635;1110;701;936
"2024";29184;29456;29704;29906;30060;30166;30287;30330;30375;30354;30747;31316;31865;32070;32850;32470;32156;31977;32041;31302;31745;30956;30857;31156;32048;32410;32424;33611;34850;36066;37070;37097;38453;37888;38295;37345;37459;35858;36263;37123;38043;38702;38451;36572;36298;35702;35957;35936;36038;35340;33345;30647;31455;31849;32671;33289;35172;35891;35839;35697;36176;36221;35599;34896;34282;33879;32393;33500;33927;33125;32253;31721;32411;30735;31193;31394;30990;29861;27997;24146;18231;16537;12377;16768;10849;11263;9998;8162;6692;5731;4459;3413;2733;2208;1602;1107;787;481;295;187;155;27922;28196;28438;28586;28730;28860;28935;29009;29036;29048;29368;29721;30622;30874;31255;31188;30831;30383;30683;30141;29940;29791;29190;29795;30162;30989;30882;32257;32924;34230;35368;35328;36218;35906;36051;35315;35435;33799;34046;34998;35887;36528;35867;34726;34249;34246;34001;34469;34452;33596;32461;29380;30300;31599;32503;32899;35299;36033;36249;36306;36799;37065;36470;36367;36168;35782;34579;35878;36633;36208;36518;35506;36332;34798;35818;36484;36821;36207;34773;30255;24007;22181;17340;24172;16613;18390;16432;14380;12381;11029;9291;7518;6663;5466;4518;3429;2480;1669;1127;741;983
"2025";29078;29369;29631;29845;30044;30181;30305;30376;30440;30453;30446;30838;31401;31946;32160;32935;32553;32287;32116;32208;31470;31903;31198;31200;31532;32396;32817;32771;33924;35156;36319;37296;37320;38617;38049;38426;37483;37540;35979;36372;37162;38113;38723;38477;36614;36338;35690;35937;35920;35984;35292;33294;30595;31392;31732;32547;33152;34995;35690;35622;35444;35930;35940;35284;34573;33941;33499;32023;33059;33451;32620;31756;31201;31772;30056;30458;30575;30095;28798;26966;23124;17333;15598;11621;15571;9950;10260;8930;7147;5812;4851;3673;2717;2167;1680;1203;812;545;305;192;176;27823;28108;28355;28550;28710;28853;28966;29048;29110;29127;29153;29455;29808;30694;30956;31335;31252;30914;30525;30771;30240;30119;30030;29531;30143;30518;31271;31163;32537;33135;34432;35560;35465;36358;36046;36141;35428;35544;33888;34146;35081;35968;36595;35944;34779;34277;34314;34062;34493;34472;33637;32468;29404;30288;31609;32475;32873;35209;35976;36156;36195;36679;36910;36316;36220;35993;35590;34383;35646;36391;35939;36223;35186;36003;34435;35394;35980;36254;35547;34061;29523;23351;21481;16690;23106;15750;17269;15222;13133;11148;9753;8033;6346;5511;4378;3542;2597;1809;1165;752;1039
"2026";28946;29266;29537;29783;29987;30157;30319;30407;30491;30511;30537;30555;30918;31491;32032;32226;33012;32689;32425;32284;32386;31634;32146;31539;31550;31910;32790;33164;33100;34220;35422;36557;37501;37508;38757;38203;38559;37584;37632;36072;36431;37222;38140;38763;38516;36623;36334;35675;35912;35888;35939;35247;33229;30529;31290;31614;32401;33008;34783;35490;35384;35203;35665;35630;34966;34237;33564;33119;31617;32606;32968;32128;31237;30602;31116;29353;29683;29686;29079;27760;25836;22010;16385;14664;10795;14296;9080;9178;7862;6212;4921;3983;2943;2152;1663;1258;873;573;344;208;195;27713;27994;28269;28478;28660;28828;28969;29089;29154;29196;29233;29231;29536;29903;30756;31032;31417;31333;31073;30613;30853;30395;30362;30377;29884;30484;30805;31552;31453;32739;33344;34616;35724;35598;36504;36138;36253;35535;35632;33989;34227;35155;36059;36658;35986;34828;34341;34357;34076;34534;34518;33641;32472;29422;30286;31579;32442;32813;35139;35885;36052;36083;36527;36772;36162;36048;35819;35383;34185;35400;36121;35665;35902;34866;35639;34042;34925;35437;35615;34849;33254;28733;22614;20691;15981;21928;14797;16041;13917;11855;9852;8457;6815;5236;4422;3451;2684;1896;1256;792;1061
"2027";28823;29151;29420;29699;29906;30111;30281;30421;30508;30572;30618;30648;30634;31008;31571;32090;32324;33135;32829;32612;32447;32547;31866;32473;31907;31934;32298;33147;33477;33396;34496;35661;36781;37683;37666;38919;38320;38633;37677;37742;36136;36472;37286;38179;38794;38536;36621;36312;35669;35866;35827;35883;35175;33148;30449;31159;31497;32256;32835;34597;35261;35147;34938;35377;35316;34634;33877;33183;32722;31190;32150;32474;31611;30669;29984;30402;28639;28831;28720;28055;26616;24627;20823;15422;13627;9931;13063;8141;8089;6827;5287;4048;3199;2331;1656;1255;915;609;362;228;210;27596;27885;28157;28384;28603;28781;28944;29085;29174;29248;29305;29324;29324;29611;29969;30844;31096;31497;31495;31138;30706;31015;30654;30704;30708;30237;30770;31095;31836;31665;32959;33550;34780;35834;35759;36585;36242;36353;35618;35720;34080;34316;35249;36115;36713;36037;34864;34384;34396;34132;34561;34523;33658;32476;29396;30284;31553;32376;32754;35067;35775;35948;35934;36398;36602;36004;35857;35620;35180;33963;35151;35856;35344;35607;34529;35235;33592;34405;34838;34933;34031;32403;27863;21802;19823;15176;20648;13761;14697;12570;10486;8566;7192;5615;4234;3478;2617;1983;1292;860;1103
"2028";28708;29022;29315;29575;29816;30039;30244;30398;30511;30604;30667;30699;30731;30730;31075;31640;32211;32422;33302;32995;32777;32606;32775;32209;32835;32277;32324;32655;33462;33781;33672;34757;35891;36961;37844;37809;39043;38404;38746;37766;37795;36197;36530;37313;38215;38811;38530;36607;36291;35625;35834;35769;35816;35089;33049;30339;31059;31339;32096;32658;34380;35025;34904;34666;35064;35002;34269;33502;32797;32296;30769;31681;31982;31059;30043;29311;29685;27846;27907;27729;26919;25414;23322;19598;14347;12569;9089;11737;7196;7045;5796;4370;3248;2551;1783;1253;905;646;387;242;243;27482;27761;28060;28277;28509;28711;28892;29078;29180;29267;29340;29396;29399;29414;29687;30056;30921;31174;31653;31562;31234;30855;31261;30983;31048;31048;30528;31058;31377;32045;31906;33146;33708;34921;36000;35840;36679;36359;36441;35713;35800;34159;34408;35316;36164;36761;36070;34922;34428;34431;34147;34570;34533;33641;32472;29397;30243;31500;32327;32683;34971;35662;35813;35802;36241;36464;35808;35675;35409;34958;33723;34901;35550;35048;35265;34147;34786;33134;33830;34178;34144;33181;31438;26872;20906;18852;14307;19234;12629;13277;11153;9145;7268;5959;4543;3336;2654;1902;1376;884;1179
"2029";28608;28909;29182;29464;29715;29947;30158;30357;30490;30602;30685;30766;30803;30812;30798;31161;31730;32327;32588;33459;33162;32926;32841;33110;32579;33199;32675;32676;32971;33766;34060;33945;34980;36090;37119;37989;37939;39123;38518;38832;37812;37843;36257;36579;37348;38228;38815;38506;36601;36239;35595;35787;35697;35725;34990;32929;30224;30921;31189;31918;32476;34163;34776;34644;34381;34741;34635;33923;33112;32391;31851;30369;31191;31418;30446;29419;28622;28889;26961;26977;26619;25723;24079;21985;18277;13258;11495;8190;10373;6263;6014;4804;3512;2594;1945;1363;909;638;419;261;238;27381;27653;27945;28164;28404;28630;28830;29020;29156;29276;29370;29430;29471;29489;29482;29778;30129;30987;31352;31706;31643;31384;31140;31571;31317;31385;31348;30796;31356;31607;32263;32098;33316;33870;35051;36089;35951;36788;36436;36538;35790;35888;34242;34483;35367;36202;36802;36124;34971;34458;34448;34167;34575;34527;33628;32452;29387;30192;31446;32259;32607;34857;35541;35667;35667;36085;36272;35630;35458;35203;34727;33485;34613;35252;34733;34885;33736;34318;32577;33214;33430;33309;32203;30363;25790;19917;17784;13349;17659;11429;11807;9726;7796;6022;4814;3590;2536;1952;1344;922;1225
"2030";28531;28799;29079;29333;29598;29832;30079;30280;30453;30572;30699;30784;30836;30886;30892;30883;31265;31848;32485;32758;33606;33329;33167;33168;33467;32939;33580;33031;33004;33292;34035;34319;34170;35181;36254;37270;38132;38043;39219;38597;38875;37893;37880;36309;36615;37388;38230;38778;38473;36556;36225;35542;35706;35618;35626;34860;32812;30090;30766;31045;31739;32265;33940;34531;34354;34082;34397;34288;33533;32712;31966;31434;29899;30685;30819;29824;28726;27896;27993;26075;25931;25467;24400;22714;20536;16882;12156;10380;7247;9065;5345;4971;3874;2809;1993;1480;998;640;416;271;263;27290;27568;27834;28057;28278;28514;28757;28939;29124;29259;29374;29456;29505;29569;29568;29556;29852;30212;31154;31409;31792;31800;31640;31438;31922;31658;31670;31617;31086;31575;31829;32472;32269;33481;34006;35166;36186;36066;36866;36524;36616;35861;35976;34318;34536;35428;36240;36851;36158;34995;34485;34478;34169;34576;34498;33615;32429;29330;30159;31379;32172;32520;34735;35402;35531;35529;35910;36086;35428;35257;34963;34476;33227;34333;34955;34362;34468;33281;33764;32022;32519;32615;32353;31123;29169;24578;18815;16627;12261;16024;10173;10309;8300;6453;4909;3812;2731;1871;1354;906;1296
"2031";28468;28728;28958;29232;29474;29730;29961;30189;30381;30510;30676;30798;30864;30927;30980;30966;30976;31377;32007;32651;32923;33767;33564;33498;33526;33833;33331;33929;33341;33305;33585;34288;34551;34372;35355;36413;37408;38231;38143;39313;38648;38940;37929;37927;36354;36648;37395;38203;38754;38441;36508;36179;35471;35628;35526;35491;34714;32667;29958;30620;30868;31552;32077;33682;34261;34067;33746;34069;33912;33131;32289;31557;30988;29420;30101;30205;29153;28004;27049;27098;25106;24811;24177;23045;21239;19017;15499;10972;9205;6342;7759;4433;4006;3102;2160;1513;1104;696;411;254;292;27238;27484;27738;27945;28163;28421;28629;28871;29052;29193;29362;29455;29552;29591;29628;29656;29631;29935;30374;31222;31493;31956;32048;31945;31781;32249;31938;31950;31906;31330;31786;32025;32644;32431;33624;34114;35272;36304;36139;36974;36595;36684;35960;36040;34380;34590;35450;36316;36887;36183;35018;34510;34479;34165;34566;34482;33584;32368;29290;30107;31294;32082;32404;34612;35273;35388;35348;35740;35894;35207;35046;34724;34220;32968;34037;34590;33974;34005;32777;33185;31350;31746;31726;31283;29932;27813;23258;17595;15305;11147;14282;8905;8812;6909;5245;3872;2927;2011;1286;940;1316
"2032";28434;28654;28883;29122;29371;29605;29850;30067;30287;30461;30635;30764;30884;30949;31013;31036;31066;31113;31521;32186;32811;33079;34015;33881;33848;33906;34208;33669;34256;33639;33611;33823;34532;34754;34546;35521;36558;37516;38323;38237;39360;38707;38969;37980;37977;36379;36659;37382;38188;38722;38387;36459;36097;35410;35536;35403;35346;34580;32504;29818;30472;30685;31366;31841;33430;33974;33747;33433;33703;33511;32727;31876;31114;30497;28880;29523;29557;28438;27181;26194;26090;24051;23613;22856;21566;19685;17468;14036;9746;8065;5428;6456;3580;3223;2371;1658;1115;762;469;263;305;27201;27433;27646;27841;28059;28300;28537;28751;28963;29139;29302;29455;29539;29627;29671;29716;29725;29729;30082;30443;31311;31663;32192;32365;32288;32104;32521;32226;32219;32124;31552;31989;32195;32814;32589;33732;34224;35390;36387;36230;37047;36675;36783;36021;36097;34426;34638;35514;36341;36904;36228;35031;34518;34460;34157;34552;34439;33527;32314;29245;30019;31233;31981;32289;34475;35136;35232;35175;35550;35690;34992;34813;34463;33962;32690;33701;34195;33554;33509;32223;32509;30632;30881;30699;30129;28562;26347;21769;16234;13921;9958;12511;7626;7349;5613;4165;2975;2140;1416;890;1347
"2033";28412;28617;28829;29043;29261;29489;29732;29955;30177;30375;30556;30731;30839;30979;31026;31097;31137;31175;31260;31713;32351;32968;33306;34346;34244;34206;34279;34562;33986;34552;33933;33850;34075;34730;34935;34723;35677;36648;37624;38412;38304;39408;38751;39016;38036;37984;36396;36646;37367;38166;38650;38341;36401;36038;35286;35424;35271;35209;34410;32363;29667;30291;30510;31156;31597;33176;33651;33442;33080;33326;33111;32334;31443;30637;29975;28326;28902;28834;27614;26363;25255;25005;22903;22329;21432;20004;18116;15827;12492;8555;6924;4520;5211;2881;2481;1827;1224;775;500;304;305;27186;27384;27595;27766;27975;28180;28409;28651;28842;29066;29251;29392;29515;29638;29704;29753;29788;29805;29890;30158;30538;31472;31905;32513;32684;32622;32383;32807;32483;32441;32341;31768;32163;32360;32959;32697;33863;34342;35481;36458;36315;37131;36777;36834;36078;36138;34476;34699;35548;36368;36939;36230;35043;34505;34470;34148;34495;34394;33466;32246;29177;29960;31120;31879;32171;34353;34980;35049;35008;35345;35465;34780;34554;34224;33662;32387;33336;33784;33059;32954;31576;31809;29814;29919;29569;28781;27085;24706;20103;14780;12438;8751;10722;6355;6000;4455;3196;2204;1511;948;1342
"2034";28411;28594;28801;28991;29169;29390;29622;29833;30057;30260;30482;30642;30794;30949;31044;31117;31186;31251;31347;31438;31873;32519;33202;33649;34684;34612;34581;34632;34858;34308;34820;34193;34084;34270;34927;35091;34874;35796;36762;37715;38480;38356;39461;38788;39073;38042;38009;36378;36642;37323;38117;38618;38269;36330;35929;35186;35290;35115;35048;34249;32211;29500;30123;30314;30922;31370;32867;33370;33099;32714;32925;32738;31904;30976;30099;29419;27759;28207;28055;26775;25425;24232;23844;21691;20950;19897;18451;16430;14100;10982;7350;5768;3668;4196;2235;1888;1374;840;519;324;331;27186;27367;27556;27707;27891;28092;28301;28540;28747;28940;29152;29334;29472;29626;29708;29770;29831;29892;29955;29950;30270;30683;31729;32224;32847;33011;32884;32671;33061;32711;32666;32534;31924;32333;32514;33069;32843;33953;34449;35567;36557;36402;37205;36827;36907;36107;36192;34541;34735;35581;36388;36967;36223;35041;34504;34446;34102;34437;34340;33403;32182;29111;29858;31024;31760;32058;34207;34814;34878;34814;35130;35248;34535;34299;33951;33356;32042;32954;33282;32542;32330;30902;30970;28887;28845;28300;27299;25429;22823;18345;13242;10950;7506;8960;5202;4761;3435;2365;1537;1030;1379
"2035";28425;28603;28781;28940;29114;29310;29521;29724;29944;30145;30353;30571;30731;30898;31015;31128;31206;31306;31408;31521;31614;32030;32756;33535;33999;35060;34971;34946;34920;35171;34578;35077;34416;34300;34463;35070;35269;34992;35904;36860;37781;38543;38407;39493;38841;39085;38048;37998;36369;36608;37321;38060;38548;38186;36228;35818;35062;35136;34969;34887;34071;32029;29345;29945;30096;30701;31098;32600;33024;32749;32343;32560;32310;31426;30471;29574;28814;27127;27448;27209;25879;24421;23118;22588;20371;19479;18376;16746;14682;12415;9428;6150;4685;2962;3241;1721;1408;956;568;340;334;27211;27363;27535;27667;27832;28014;28211;28419;28629;28847;29044;29246;29415;29563;29694;29780;29868;29908;30022;30050;30056;30435;30941;32041;32561;33150;33302;33156;32927;33280;32929;32858;32695;32091;32498;32625;33204;32942;34079;34534;35654;36634;36481;37275;36891;36942;36152;36238;34587;34777;35612;36404;36952;36225;35033;34489;34415;34041;34405;34256;33325;32096;29027;29769;30922;31638;31930;34045;34642;34691;34632;34905;35016;34302;34034;33627;33027;31672;32495;32770;31922;31652;30122;30044;27878;27618;26868;25658;23521;20862;16450;11657;9405;6289;7347;4143;3658;2558;1654;1051;1447
"2036";28466;28615;28771;28926;29089;29239;29441;29630;29825;30025;30251;30443;30647;30823;30978;31107;31216;31326;31451;31591;31712;31762;32280;33089;33895;34358;35436;35322;35226;35235;35440;34832;35297;34635;34488;34625;35240;35372;35111;36001;36940;37852;38574;38464;39539;38866;39085;38059;37963;36356;36586;37258;37997;38478;38081;36120;35686;34925;34990;34810;34709;33908;31850;29160;29749;29878;30427;30853;32281;32693;32393;31971;32167;31843;30928;29939;28998;28165;26403;26655;26316;24870;23310;21935;21261;18967;18011;16707;14970;12929;10698;7890;4998;3790;2296;2498;1275;987;630;368;375;27237;27387;27533;27657;27791;27955;28134;28328;28523;28723;28928;29143;29336;29496;29637;29769;29862;29949;30076;30100;30138;30223;30691;31269;32357;32886;33442;33552;33423;33143;33487;33135;33014;32879;32248;32609;32762;33310;33058;34148;34642;35737;36708;36561;37307;36939;36982;36226;36288;34609;34805;35628;36418;36942;36216;35018;34445;34359;34008;34312;34177;33256;31993;28927;29680;30800;31539;31782;33878;34468;34500;34410;34681;34788;34027;33741;33305;32655;31237;31994;32190;31267;30869;29239;29012;26725;26253;25274;23767;21527;18736;14497;10047;7904;5155;5850;3186;2744;1782;1124;1511
"2037";28502;28656;28785;28923;29066;29219;29360;29549;29736;29909;30130;30344;30533;30738;30905;31046;31187;31341;31499;31635;31767;31851;32013;32610;33449;34272;34741;35760;35619;35546;35493;35698;35064;35504;34815;34641;34800;35348;35492;35227;36082;37003;37901;38629;38498;39559;38876;39081;38030;37959;36330;36545;37196;37913;38381;37959;35990;35553;34780;34833;34642;34547;33706;31664;28983;29526;29646;30202;30545;31963;32341;32036;31597;31702;31353;30404;29377;28357;27451;25662;25795;25294;23773;22135;20656;19824;17552;16399;14945;13241;11142;8968;6442;4026;2956;1766;1860;892;658;411;406;27273;27415;27558;27651;27779;27917;28069;28257;28427;28615;28824;29024;29232;29414;29565;29723;29833;29953;30104;30147;30210;30297;30481;31015;31613;32698;33145;33705;33801;33652;33348;33698;33274;33197;33011;32370;32743;32874;33413;33157;34250;34715;35835;36771;36611;37377;36972;37034;36252;36315;34656;34818;35648;36410;36930;36196;34969;34393;34320;33935;34248;34106;33136;31886;28852;29575;30689;31387;31634;33724;34283;34306;34170;34465;34511;33752;33423;32923;32234;30778;31420;31555;30525;29971;28264;27824;25434;24717;23467;21776;19345;16550;12506;8438;6483;4116;4520;2393;1910;1227;1602
"2038";28540;28690;28823;28950;29065;29182;29337;29492;29641;29817;30026;30221;30413;30628;30814;30982;31153;31314;31492;31663;31815;31929;32103;32345;32983;33819;34635;35079;36059;35932;35807;35746;35917;35289;35670;34986;34807;34896;35480;35598;35301;36156;37065;37957;38675;38528;39582;38855;39063;38008;37921;36293;36500;37119;37823;38252;37825;35862;35406;34631;34682;34470;34355;33504;31450;28799;29287;29427;29929;30251;31628;32007;31655;31180;31227;30822;29848;28738;27646;26705;24848;24835;24199;22586;20870;19287;18364;16014;14687;13221;11426;9363;7312;5225;3155;2263;1321;1303;601;424;445;27308;27457;27580;27678;27776;27896;28040;28208;28325;28535;28710;28919;29115;29302;29489;29657;29804;29917;30106;30191;30243;30364;30559;30804;31361;31932;32988;33404;33951;34039;33840;33555;33847;33445;33333;33142;32496;32847;32989;33515;33250;34342;34796;35902;36845;36657;37395;37044;37062;36303;36345;34672;34827;35646;36393;36910;36158;34931;34337;34253;33867;34146;34003;33036;31798;28753;29469;30556;31238;31485;33552;34078;34089;33965;34218;34221;33446;33061;32517;31767;30256;30800;30809;29654;29008;27125;26516;23975;22967;21516;19596;17130;14276;10544;6943;5193;3173;3377;1673;1315;1719
"2039";28570;28729;28872;28975;29081;29190;29333;29441;29590;29722;29924;30104;30302;30511;30711;30892;31086;31274;31466;31673;31839;31975;32171;32431;32723;33360;34184;34980;35413;36334;36196;36062;35972;36129;35443;35845;35145;34922;35039;35566;35683;35386;36229;37111;37991;38713;38530;39572;38873;39014;37973;37882;36259;36419;37037;37707;38117;37684;35720;35269;34467;34498;34292;34155;33299;31257;28568;29079;29165;29641;29953;31302;31630;31262;30723;30711;30276;29221;28038;26916;25861;23926;23790;23028;21335;19493;17885;16768;14375;13006;11449;9604;7656;5934;4063;2428;1707;927;876;386;485;27349;27488;27619;27706;27799;27897;28015;28165;28277;28452;28626;28807;28998;29199;29384;29568;29733;29875;30089;30170;30285;30417;30621;30893;31152;31684;32209;33245;33689;34157;34244;34033;33715;33998;33591;33455;33254;32631;32958;33071;33607;33347;34432;34896;35946;36886;36708;37458;37071;37092;36331;36367;34688;34824;35639;36380;36877;36087;34888;34265;34178;33764;34071;33887;32933;31697;28641;29344;30448;31092;31315;33362;33883;33894;33716;33945;33922;33077;32657;32063;31226;29675;30120;29966;28696;27856;25890;25014;22294;21096;19391;17380;14805;12056;8673;5557;4033;2372;2382;1144;1843
"2040";28593;28771;28901;29018;29119;29208;29321;29425;29553;29672;29839;30002;30196;30401;30583;30789;30979;31206;31440;31655;31837;32000;32222;32500;32803;33089;33745;34543;35285;35695;36613;36443;36287;36167;36292;35621;36006;35249;35057;35140;35669;35751;35451;36273;37177;38032;38720;38532;39561;38821;39009;37935;37814;36185;36355;36925;37588;37981;37528;35582;35094;34317;34321;34093;33950;33077;31015;28357;28836;28880;29366;29671;30946;31240;30803;30248;30172;29667;28526;27306;26080;24951;22939;22640;21771;19958;18098;16360;15071;12736;11284;9629;7870;6206;4658;3139;1816;1204;627;576;458;27372;27512;27665;27737;27831;27923;28011;28146;28243;28394;28548;28721;28879;29085;29281;29454;29654;29812;30046;30155;30273;30443;30678;30936;31238;31482;31972;32492;33507;33901;34370;34421;34191;33873;34154;33693;33579;33375;32730;33062;33172;33701;33437;34527;34926;36004;36940;36750;37498;37101;37142;36346;36366;34688;34824;35616;36339;36821;36044;34806;34208;34088;33683;33950;33787;32822;31583;28530;29229;30286;30961;31157;33160;33673;33653;33462;33646;33581;32690;32200;31546;30651;29017;29297;29026;27619;26583;24442;23297;20502;19035;17210;15058;12507;9939;6964;4319;3008;1669;1647;1809
"2041";28613;28789;28931;29056;29153;29251;29338;29422;29539;29630;29779;29923;30110;30271;30480;30666;30896;31100;31355;31604;31823;32006;32254;32564;32858;33176;33483;34092;34853;35587;35968;36863;36651;36483;36350;36466;35763;36118;35382;35160;35222;35754;35817;35514;36328;37205;38051;38718;38528;39521;38801;38950;37897;37759;36108;36233;36812;37459;37822;37385;35421;34942;34134;34146;33882;33739;32828;30799;28119;28581;28630;29077;29342;30574;30799;30331;29726;29595;28967;27790;26500;25164;23924;21875;21431;20381;18547;16577;14722;13383;11062;9512;7899;6403;4865;3596;2351;1296;806;413;569;27384;27541;27690;27777;27866;27957;28033;28139;28231;28358;28486;28640;28788;28984;29158;29352;29543;29722;29979;30115;30253;30459;30696;30987;31302;31563;31759;32257;32763;33717;34099;34562;34576;34353;34013;34254;33822;33697;33501;32813;33157;33254;33826;33500;34568;34998;36047;36994;36803;37529;37134;37158;36355;36357;34685;34826;35577;36284;36758;35978;34746;34114;33989;33589;33840;33690;32705;31451;28423;29092;30149;30788;30974;32964;33463;33395;33183;33308;33197;32248;31711;30969;29976;28260;28423;27916;26375;25152;22788;21435;18535;16926;14932;12734;10340;7980;5402;3253;2117;1157;2108
"2042";28611;28802;28965;29080;29191;29284;29378;29444;29537;29620;29735;29865;30019;30180;30368;30554;30761;31006;31282;31522;31795;31974;32257;32579;32932;33238;33567;33821;34401;35163;35850;36224;37089;36859;36646;36517;36613;35877;36238;35491;35250;35307;35808;35873;35582;36367;37241;38049;38716;38504;39486;38764;38902;37835;37665;35999;36140;36678;37311;37683;37219;35267;34765;33967;33937;33670;33479;32613;30552;27884;28309;28346;28789;28982;30171;30350;29828;29161;28903;28252;26991;25580;24159;22840;20718;20078;18963;17016;14955;13083;11641;9327;7806;6447;5019;3784;2705;1671;876;525;537;27377;27555;27711;27819;27905;27976;28074;28154;28233;28341;28446;28582;28718;28889;29049;29245;29428;29621;29893;30047;30212;30429;30702;31024;31337;31620;31854;32051;32515;32979;33936;34293;34712;34725;34493;34136;34374;33946;33781;33599;32917;33234;33382;33878;33564;34634;35046;36112;37031;36830;37562;37147;37158;36367;36356;34670;34787;35528;36236;36690;35898;34640;34038;33898;33481;33739;33565;32589;31318;28298;28962;30005;30615;30802;32755;33222;33122;32857;32928;32770;31744;31149;30306;29230;27412;27356;26709;24973;23467;20994;19418;16494;14696;12646;10540;8324;6219;4063;2296;1463;1974
"2043";28590;28801;28970;29119;29228;29319;29414;29477;29545;29636;29708;29832;29958;30102;30270;30433;30648;30904;31149;31451;31720;31946;32242;32577;32948;33288;33641;33908;34145;34710;35425;36117;36444;37275;37025;36818;36670;36709;36012;36339;35577;35324;35388;35863;35943;35622;36403;37235;38055;38684;38483;39445;38722;38827;37736;37580;35909;35998;36549;37175;37517;37066;35076;34602;33760;33731;33443;33267;32338;30276;27648;28051;28081;28446;28609;29721;29857;29280;28500;28223;27434;26082;24581;23087;21646;19436;18707;17427;15357;13306;11388;9840;7675;6378;5071;3899;2845;1923;1124;584;573;27364;27555;27729;27841;27923;28019;28113;28185;28254;28330;28436;28547;28647;28814;28972;29131;29312;29522;29783;29957;30160;30389;30667;31035;31352;31673;31919;32121;32325;32736;33201;34110;34446;34875;34870;34600;34252;34487;34043;33896;33674;33024;33335;33462;33928;33629;34689;35102;36168;37056;36858;37586;37162;37157;36351;36335;34656;34734;35479;36172;36608;35809;34559;33952;33780;33376;33635;33436;32442;31197;28171;28823;29839;30452;30618;32523;32937;32811;32507;32529;32255;31220;30486;29566;28368;26425;26183;25303;23340;21642;19045;17304;14341;12472;10494;8496;6487;4679;2884;1577;2089
"2044";28567;28794;28963;29125;29259;29352;29450;29511;29585;29646;29713;29817;29907;30051;30182;30342;30543;30776;31050;31339;31629;31872;32184;32568;32955;33337;33675;33985;34225;34460;34975;35680;36351;36640;37441;37192;36961;36772;36844;36114;36437;35636;35411;35430;35931;35994;35649;36402;37240;38037;38668;38453;39394;38649;38745;37635;37462;35790;35881;36421;37015;37367;36877;34912;34391;33558;33510;33206;33000;32087;30023;27402;27771;27760;28094;28210;29251;29332;28624;27831;27425;26551;25068;23508;21900;20337;18144;17209;15751;13686;11591;9641;8109;6279;5020;3941;2942;2038;1291;738;634;27339;27544;27727;27848;27956;28050;28139;28222;28288;28344;28444;28522;28619;28761;28884;29039;29207;29412;29671;29870;30056;30314;30643;30995;31381;31697;31952;32195;32391;32541;32956;33399;34260;34616;35008;34970;34734;34352;34587;34140;33995;33775;33110;33427;33511;33994;33688;34746;35147;36194;37095;36898;37584;37165;37138;36342;36311;34603;34680;35424;36096;36513;35731;34451;33835;33704;33258;33501;33300;32328;31060;28036;28662;29688;30271;30409;32272;32640;32473;32094;32048;31731;30581;29755;28716;27357;25312;24830;23688;21547;19661;16990;15068;12194;10360;8454;6641;4884;3323;2002;2230
"2045";28529;28766;28957;29114;29256;29389;29484;29562;29623;29671;29725;29821;29893;29997;30141;30274;30439;30654;30943;31213;31528;31791;32116;32539;32926;33337;33703;34034;34295;34538;34728;35251;35917;36537;36791;37634;37334;37066;36900;36944;36197;36492;35729;35460;35504;35981;36011;35661;36428;37216;38010;38636;38409;39333;38562;38661;37522;37335;35659;35757;36279;36851;37195;36698;34708;34198;33335;33295;32967;32742;31807;29753;27146;27480;27414;27700;27784;28733;28710;27961;27076;26543;25555;23998;22321;20588;18995;16709;15569;14072;11940;9831;7969;6628;4953;3918;2972;2096;1376;856;760;27304;27515;27713;27842;27963;28077;28174;28268;28319;28375;28464;28528;28601;28719;28833;28958;29107;29298;29568;29758;29957;30230;30581;30960;31346;31708;31973;32233;32462;32619;32760;33157;33554;34432;34731;35117;35094;34841;34461;34676;34244;34071;33870;33208;33491;33569;34044;33757;34794;35190;36233;37116;36901;37590;37143;37132;36300;36252;34563;34641;35337;36004;36442;35620;34360;33741;33571;33149;33377;33160;32179;30915;27896;28522;29515;30062;30176;31997;32306;32081;31641;31538;31089;29872;28918;27718;26227;24035;23255;21890;19583;17571;14824;12822;10145;8371;6631;4998;3471;2310;2582
"2046";28489;28719;28935;29107;29258;29388;29507;29599;29660;29711;29767;29832;29896;29986;30100;30200;30366;30556;30828;31119;31392;31692;32040;32460;32895;33307;33717;34062;34343;34606;34816;34996;35476;36105;36719;36976;37755;37447;37187;36995;37031;36272;36566;35790;35528;35554;36004;36031;35681;36399;37213;37983;38597;38339;39248;38471;38544;37411;37207;35535;35623;36108;36712;37004;36484;34525;33982;33138;33038;32715;32449;31544;29501;26849;27147;27051;27283;27310;28160;28034;27230;26210;25577;24471;22800;21032;19267;17507;15120;13933;12292;10139;8127;6530;5252;3851;2969;2121;1426;912;903;27251;27492;27683;27827;27973;28079;28195;28306;28354;28414;28487;28550;28607;28691;28797;28905;29035;29211;29456;29644;29845;30144;30480;30905;31303;31681;31980;32257;32512;32681;32829;32963;33317;33718;34570;34843;35247;35206;34922;34561;34778;34325;34175;33940;33265;33549;33629;34116;33820;34829;35222;36250;37126;36898;37585;37136;37092;36256;36211;34500;34564;35265;35924;36329;35516;34263;33632;33466;33002;33260;33021;32024;30752;27774;28372;29322;29846;29909;31676;31925;31632;31137;30927;30382;29048;27938;26597;24920;22529;21544;19912;17530;15351;12638;10680;8201;6579;4998;3553;2415;3009
"2047";28439;28679;28893;29077;29245;29398;29516;29616;29690;29752;29811;29853;29922;29984;30084;30167;30299;30484;30738;30998;31288;31567;31931;32379;32837;33256;33700;34049;34387;34665;34879;35076;35231;35667;36299;36884;37109;37859;37574;37300;37080;37081;36348;36635;35855;35581;35580;36028;36040;35667;36398;37192;37937;38525;38266;39149;38364;38422;37285;37078;35403;35487;35969;36521;36805;36294;34309;33767;32889;32794;32454;32185;31266;29184;26540;26789;26671;26834;26750;27530;27321;26380;25287;24498;23281;21512;19673;17770;15882;13548;12189;10440;8415;6672;5165;4103;2929;2123;1438;933;1014;27208;27446;27649;27807;27944;28084;28213;28327;28378;28461;28512;28577;28629;28699;28771;28873;28982;29125;29363;29543;29747;30028;30377;30824;31242;31639;31966;32255;32525;32729;32899;33038;33113;33488;33856;34678;34971;35348;35299;35022;34650;34888;34406;34249;34018;33313;33609;33700;34165;33853;34870;35250;36278;37115;36898;37573;37097;37043;36215;36138;34450;34488;35165;35825;36235;35411;34161;33518;33327;32899;33103;32873;31885;30602;27610;28200;29102;29600;29634;31318;31493;31142;30560;30229;29560;28092;26837;25293;23389;20882;19627;17852;15319;13095;10554;8659;6445;4957;3565;2477;3344
"2048";28378;28641;28834;29060;29212;29379;29505;29635;29733;29776;29838;29911;29949;30007;30072;30148;30275;30423;30638;30913;31171;31464;31823;32259;32747;33205;33657;34048;34375;34680;34943;35154;35300;35430;35857;36457;37037;37225;37978;37672;37373;37157;37157;36391;36709;35905;35616;35598;36032;36036;35668;36369;37154;37894;38451;38178;39040;38236;38293;37165;36956;35259;35331;35802;36334;36623;36058;34099;33540;32651;32530;32179;31919;30942;28844;26229;26407;26232;26294;26189;26818;26501;25451;24265;23336;21953;20147;18195;16148;14244;11864;10373;8675;6893;5293;4045;3108;2113;1443;961;1085;27155;27402;27604;27777;27912;28084;28201;28329;28411;28492;28555;28598;28673;28713;28779;28847;28951;29063;29295;29442;29636;29920;30286;30699;31171;31578;31912;32256;32527;32758;32924;33102;33188;33294;33636;33966;34797;35074;35440;35408;35120;34724;34963;34509;34307;34062;33394;33676;33747;34197;33906;34893;35276;36261;37128;36882;37542;37045;37008;36141;36079;34368;34399;35084;35731;36120;35305;34032;33397;33216;32766;32957;32720;31724;30465;27444;27990;28866;29333;29296;30906;31022;30564;29889;29442;28627;26979;25550;23760;21714;19044;17592;15636;13100;10953;8550;6812;4897;3525;2491;3554
"2049";28329;28579;28809;28997;29181;29349;29504;29626;29729;29808;29884;29940;29982;30045;30092;30145;30254;30385;30588;30823;31098;31350;31690;32158;32647;33113;33591;34013;34354;34699;34960;35194;35382;35507;35605;36042;36615;37130;37360;38079;37739;37447;37227;37208;36480;36745;35929;35638;35615;36027;36023;35647;36349;37114;37804;38369;38079;38924;38120;38161;37035;36811;35124;35163;35626;36139;36394;35869;33862;33289;32403;32268;31917;31600;30616;28491;25854;26001;25721;25757;25530;26025;25591;24443;23117;22034;20606;18647;16541;14487;12501;10117;8623;7127;5489;4151;3073;2238;1428;973;1125;27103;27357;27555;27730;27880;28052;28193;28345;28406;28508;28594;28645;28695;28746;28798;28845;28931;29046;29221;29384;29533;29812;30188;30604;31062;31488;31850;32207;32518;32745;32967;33134;33254;33365;33435;33742;34105;34910;35167;35531;35505;35188;34844;35041;34557;34374;34134;33440;33722;33792;34253;33930;34913;35287;36264;37114;36856;37476;37007;36941;36068;36013;34267;34325;34995;35624;36011;35194;33921;33267;33091;32620;32809;32569;31564;30279;27254;27780;28612;29010;28927;30441;30466;29932;29124;28504;27501;25731;24029;22078;19824;17106;15444;13389;10959;8902;6736;5168;3485;2461;3723
"2050";28281;28520;28748;28961;29143;29301;29480;29616;29734;29815;29903;29965;30022;30087;30134;30164;30245;30367;30549;30777;30995;31260;31592;32056;32523;33012;33500;33950;34327;34670;34968;35210;35432;35584;35693;35786;36190;36724;37260;37449;38162;37823;37510;37281;37284;36518;36771;35961;35651;35609;36027;36004;35638;36288;37039;37736;38270;37955;38808;37992;38038;36884;36658;34983;34997;35441;35933;36177;35622;33633;33041;32147;32029;31591;31266;30239;28119;25453;25517;25186;25130;24789;25158;24574;23325;21852;20693;19087;16982;14860;12744;10669;8418;7100;5676;4311;3165;2210;1536;952;1147;27054;27306;27498;27682;27852;28024;28153;28317;28428;28506;28628;28673;28729;28786;28817;28874;28927;29025;29198;29306;29486;29705;30067;30505;30952;31395;31777;32132;32477;32736;32952;33164;33309;33411;33514;33556;33860;34198;35013;35278;35622;35578;35309;34911;35096;34625;34423;34190;33509;33773;33823;34288;33952;34928;35265;36258;37088;36813;37430;36949;36853;36013;35915;34186;34245;34895;35512;35912;35051;33807;33131;32953;32470;32660;32423;31387;30079;27038;27535;28308;28653;28514;29917;29844;29169;28211;27440;26237;24206;22363;20179;17819;15044;13228;11213;8930;7026;5117;3692;2441;3775
"2051";28224;28482;28687;28906;29090;29268;29448;29572;29724;29808;29929;29995;30051;30122;30164;30199;30262;30368;30530;30740;30950;31174;31509;31931;32411;32910;33403;33853;34264;34630;34954;35236;35454;35616;35771;35873;35930;36307;36861;37347;37548;38221;37882;37581;37343;37329;36552;36793;35962;35652;35609;36025;35971;35577;36256;36968;37627;38161;37847;38674;37879;37886;36738;36510;34817;34820;35245;35737;35940;35383;33382;32782;31913;31719;31282;30880;29846;27695;24983;25008;24605;24408;23974;24189;23465;22070;20535;19198;17412;15276;13080;10884;8896;6955;5634;4481;3286;2289;1508;1018;1170;27005;27243;27463;27629;27805;27966;28136;28289;28408;28509;28641;28703;28749;28818;28863;28910;28937;29017;29190;29265;29417;29653;29964;30410;30855;31287;31675;32050;32412;32691;32947;33157;33328;33456;33581;33615;33677;33983;34311;35102;35361;35723;35667;35364;34993;35149;34676;34500;34238;33549;33812;33864;34301;33962;34933;35281;36222;37043;36748;37373;36881;36790;35928;35824;34102;34144;34796;35415;35766;34946;33676;33008;32800;32337;32503;32233;31185;29855;26807;27262;27966;28245;28040;29303;29107;28283;27181;26195;24731;22540;20462;18169;15679;12910;11100;9148;7054;5334;3657;2595;3795
"2052";28172;28417;28648;28848;29041;29224;29401;29542;29682;29808;29918;30008;30080;30145;30196;30246;30290;30394;30536;30715;30913;31121;31420;31845;32314;32794;33290;33755;34173;34565;34918;35205;35468;35661;35812;35934;36017;36054;36444;36960;37435;37616;38285;37941;37638;37406;37354;36573;36801;35975;35649;35592;35986;35951;35513;36181;36856;37547;38054;37728;38533;37737;37753;36584;36341;34643;34633;35059;35508;35696;35136;33130;32559;31606;31388;30922;30500;29400;27204;24497;24423;23913;23636;23060;23109;22235;20775;19062;17525;15681;13458;11205;9080;7356;5538;4463;3409;2381;1553;1023;1206;26955;27193;27417;27575;27755;27920;28092;28258;28385;28503;28631;28698;28786;28850;28894;28934;28991;29027;29183;29262;29380;29588;29897;30313;30747;31176;31581;31960;32322;32633;32907;33139;33330;33482;33602;33700;33736;33798;34073;34424;35201;35444;35806;35739;35435;35030;35216;34749;34545;34291;33591;33836;33896;34320;33957;34921;35252;36196;36993;36709;37295;36811;36697;35830;35746;34008;34032;34712;35288;35640;34817;33553;32858;32667;32179;32338;32021;30970;29587;26566;26928;27596;27780;27477;28604;28242;27266;25968;24705;23048;20660;18437;16026;13467;10846;9064;7247;5368;3834;2564;3896
"2053";28112;28371;28604;28796;28975;29173;29358;29501;29656;29770;29892;30011;30089;30184;30226;30275;30346;30410;30558;30720;30891;31085;31364;31769;32202;32693;33178;33649;34077;34491;34844;35165;35459;35654;35845;35993;36091;36136;36181;36528;37061;37521;37671;38353;38003;37678;37430;37385;36579;36801;35977;35625;35582;35953;35884;35460;36076;36770;37434;37938;37591;38427;37592;37597;36427;36167;34459;34454;34820;35294;35447;34877;32888;32264;31292;31057;30538;30046;28906;26674;23933;23769;23154;22748;22067;21919;20926;19309;17432;15819;13824;11531;9359;7525;5873;4380;3413;2465;1628;1054;1232;26910;27140;27365;27531;27699;27868;28057;28210;28348;28480;28601;28711;28804;28863;28930;28967;29020;29066;29188;29266;29362;29550;29853;30230;30657;31077;31470;31853;32236;32542;32855;33100;33311;33495;33626;33720;33801;33869;33898;34179;34514;35283;35538;35885;35803;35502;35084;35278;34785;34596;34332;33629;33865;33910;34316;33957;34902;35217;36145;36939;36632;37231;36718;36610;35750;35645;33923;33960;34564;35178;35517;34692;33392;32729;32518;32027;32134;31801;30704;29313;26249;26570;27164;27236;26828;27768;27249;26084;24506;23054;21143;18649;16270;13789;11324;8883;7185;5512;3850;2688;3952
"2054";28064;28321;28545;28750;28925;29124;29299;29454;29619;29734;29867;29998;30073;30194;30259;30307;30384;30447;30593;30728;30890;31063;31342;31702;32135;32601;33072;33534;33972;34384;34760;35108;35404;35660;35844;36018;36145;36204;36260;36302;36621;37121;37599;37724;38415;38057;37722;37447;37380;36589;36796;35947;35624;35543;35896;35816;35379;36001;36664;37315;37821;37487;38280;37434;37428;36250;35985;34274;34259;34609;35042;35213;34627;32606;31947;30953;30671;30119;29543;28339;26090;23311;23008;22334;21782;20932;20670;19476;17665;15749;13948;11891;9654;7744;6023;4639;3359;2469;1706;1094;1258;26860;27096;27302;27487;27656;27811;28009;28162;28298;28462;28571;28691;28800;28887;28947;28998;29050;29095;29234;29282;29360;29545;29807;30183;30581;30982;31377;31748;32131;32450;32758;33049;33268;33459;33647;33744;33842;33932;33966;33990;34273;34613;35376;35607;35949;35848;35565;35140;35323;34844;34628;34375;33643;33896;33908;34318;33942;34872;35165;36091;36879;36564;37142;36642;36519;35655;35546;33827;33849;34460;35042;35392;34556;33266;32582;32353;31825;31912;31551;30417;28988;25911;26162;26631;26616;26074;26802;26067;24654;22893;21170;19121;16468;14017;11612;9283;7053;5496;3954;2710;4055
"2055";28017;28279;28484;28701;28879;29057;29243;29418;29554;29696;29829;29968;30073;30186;30266;30338;30408;30507;30612;30760;30922;31064;31317;31667;32084;32505;32992;33416;33879;34270;34680;35018;35341;35620;35830;36022;36166;36255;36337;36377;36391;36705;37180;37645;37818;38450;38066;37751;37464;37382;36583;36780;35949;35564;35499;35831;35756;35276;35905;36569;37203;37691;37349;38128;37282;37256;36079;35786;34099;34028;34392;34812;34961;34323;32304;31613;30587;30267;29599;29009;27728;25404;22595;22210;21379;20691;19750;19255;17836;15982;13927;12018;9926;8020;6213;4767;3560;2441;1707;1141;1306;26813;27039;27266;27437;27598;27769;27944;28131;28255;28404;28546;28668;28772;28884;28972;29019;29084;29142;29255;29309;29382;29543;29793;30139;30524;30910;31291;31643;32017;32369;32669;32953;33208;33425;33618;33756;33867;33962;34027;34065;34096;34362;34697;35470;35671;35994;35914;35614;35201;35378;34877;34667;34383;33674;33889;33911;34299;33918;34831;35124;36031;36793;36502;37056;36540;36434;35555;35459;33712;33739;34348;34925;35238;34410;33126;32434;32165;31618;31660;31259;30099;28618;25512;25677;26047;25874;25169;25685;24661;23033;21070;19147;16896;14229;11817;9535;7380;5384;3948;2787;4142
"2056";27966;28226;28439;28644;28839;28997;29189;29368;29504;29649;29787;29932;30062;30156;30274;30345;30429;30529;30663;30802;30947;31088;31311;31651;32048;32462;32905;33333;33751;34167;34567;34935;35257;35562;35773;36008;36183;36283;36381;36457;36464;36460;36777;37252;37717;37855;38490;38096;37752;37447;37390;36578;36759;35901;35530;35432;35758;35661;35199;35808;36455;37087;37563;37213;37959;37120;37071;35912;35592;33869;33832;34160;34562;34669;34017;31980;31251;30184;29762;29074;28394;27013;24656;21809;21277;20332;19542;18427;17651;16164;14141;11992;10070;8259;6441;4923;3667;2596;1688;1160;1345;26771;26996;27224;27382;27553;27716;27895;28068;28215;28351;28511;28624;28766;28871;28947;29037;29111;29166;29298;29344;29410;29555;29791;30132;30489;30860;31217;31554;31920;32246;32578;32861;33128;33376;33561;33741;33874;33987;34072;34119;34165;34183;34468;34767;35532;35724;36056;35970;35667;35255;35407;34920;34685;34405;33674;33897;33896;34263;33882;34795;35063;35968;36712;36393;36983;36455;36335;35469;35329;33629;33619;34238;34788;35106;34272;32955;32247;31952;31391;31381;30926;29733;28179;25065;25120;25317;25023;24134;24309;23081;21196;19079;16961;14613;12014;9711;7583;5661;3879;2777;4249
"2057";27921;28173;28394;28593;28787;28964;29131;29306;29455;29598;29753;29884;30002;30137;30264;30337;30443;30569;30695;30834;30973;31119;31323;31663;32032;32409;32877;33251;33665;34064;34452;34818;35168;35478;35719;35977;36162;36287;36422;36488;36548;36531;36545;36833;37331;37768;37881;38504;38108;37757;37454;37365;36555;36737;35846;35477;35357;35660;35583;35112;35693;36360;36965;37420;37062;37809;36935;36897;35689;35403;33652;33615;33941;34283;34370;33671;31618;30835;29707;29249;28470;27687;26217;23806;20928;20252;19220;18234;16927;16008;14321;12189;10073;8382;6638;5115;3800;2668;1799;1128;1406;26731;26959;27160;27335;27510;27670;27845;28009;28169;28303;28465;28599;28713;28843;28941;29034;29125;29184;29329;29376;29450;29576;29819;30127;30461;30840;31146;31489;31841;32154;32453;32765;33033;33296;33525;33685;33851;33988;34082;34167;34217;34271;34281;34544;34835;35582;35789;36114;36032;35686;35310;35445;34937;34704;34407;33682;33874;33871;34232;33838;34723;35008;35898;36629;36323;36885;36359;36239;35353;35224;33526;33509;34108;34661;34972;34088;32796;32034;31722;31102;31071;30564;29275;27700;24517;24460;24495;23995;22864;22781;21280;19220;16904;14683;12356;9892;7736;5812;4084;2736;4312
"2058";27880;28131;28353;28543;28734;28906;29077;29257;29410;29540;29700;29830;29982;30101;30213;30342;30442;30557;30716;30890;31011;31149;31369;31674;32020;32407;32822;33214;33585;33977;34346;34712;35062;35376;35646;35902;36131;36274;36426;36531;36583;36607;36628;36606;36913;37363;37801;37910;38521;38110;37750;37436;37353;36532;36670;35796;35397;35280;35595;35475;35021;35584;36242;36829;37277;36910;37619;36759;36707;35496;35171;33461;33396;33677;33990;34032;33288;31222;30366;29196;28647;27782;26881;25346;22864;19920;19169;17953;16775;15360;14193;12365;10254;8391;6758;5291;3935;2758;1864;1204;1418;26696;26911;27109;27296;27447;27628;27806;27962;28107;28266;28402;28556;28678;28798;28914;29029;29116;29194;29354;29417;29472;29621;29847;30143;30466;30813;31110;31449;31755;32068;32360;32661;32929;33208;33440;33632;33810;33969;34091;34194;34266;34314;34353;34356;34603;34913;35631;35848;36167;36066;35745;35335;35466;34949;34717;34413;33663;33842;33832;34191;33785;34675;34931;35821;36555;36230;36795;36256;36136;35255;35128;33387;33400;33987;34503;34808;33931;32584;31813;31460;30795;30704;30117;28774;27125;23892;23642;23521;22766;21442;21025;19306;17070;14651;12425;10198;7869;5954;4194;2884;4312
"2059";27843;28087;28305;28493;28681;28859;29044;29198;29349;29494;29634;29797;29922;30046;30193;30305;30442;30561;30727;30899;31053;31184;31406;31703;32046;32419;32784;33177;33537;33900;34253;34624;34945;35277;35549;35827;36065;36241;36404;36537;36615;36669;36683;36687;36682;36963;37407;37818;37933;38499;38122;37738;37415;37317;36474;36620;35722;35325;35192;35507;35374;34924;35485;36108;36694;37121;36747;37453;36569;36489;35285;34974;33241;33147;33394;33651;33679;32886;30746;29860;28619;27956;26990;25997;24371;21777;18862;17925;16536;15240;13637;12277;10407;8561;6762;5384;4089;2870;1934;1261;1447;26655;26867;27074;27244;27410;27571;27766;27909;28060;28204;28361;28496;28645;28764;28874;29006;29093;29199;29358;29435;29512;29648;29885;30165;30499;30804;31105;31397;31713;31984;32277;32572;32822;33104;33354;33546;33756;33925;34084;34192;34275;34361;34415;34431;34420;34666;34957;35705;35900;36210;36120;35784;35335;35477;34975;34705;34406;33627;33814;33788;34153;33728;34601;34860;35748;36464;36142;36692;36154;36046;35141;35018;33272;33271;33861;34368;34625;33716;32361;31557;31144;30441;30279;29615;28194;26416;23119;22749;22323;21361;19811;19092;17151;14821;12426;10268;8125;6076;4299;2968;4415
"2060";27804;28046;28262;28453;28635;28804;29002;29156;29292;29435;29592;29733;29867;30023;30152;30256;30404;30553;30725;30904;31090;31221;31437;31746;32070;32418;32812;33153;33504;33837;34195;34518;34859;35169;35438;35728;35994;36187;36370;36516;36608;36705;36739;36750;36765;36739;36996;37442;37839;37910;38513;38103;37719;37389;37264;36418;36542;35650;35252;35124;35390;35288;34808;35370;35985;36552;36946;36582;37258;36379;36280;35080;34753;32997;32883;33072;33325;33245;32423;30239;29278;27940;27191;26116;24991;23237;20648;17679;16519;15030;13547;11805;10357;8703;6906;5400;4150;2993;1998;1309;1536;26618;26831;27034;27194;27368;27537;27697;27876;28009;28159;28302;28456;28577;28721;28841;28965;29065;29189;29369;29442;29538;29671;29915;30209;30509;30834;31094;31384;31677;31944;32207;32473;32740;32984;33249;33457;33681;33868;34039;34179;34285;34376;34459;34480;34507;34495;34715;35030;35753;35938;36251;36154;35798;35369;35490;34952;34695;34374;33613;33761;33763;34064;33684;34531;34785;35657;36393;36047;36579;36075;35915;35038;34871;33191;33138;33716;34201;34422;33490;32105;31244;30809;30027;29772;29013;27484;25616;22241;21589;20987;19739;18023;17000;14913;12557;10285;8216;6261;4395;3028;4560
"2061";27772;28015;28214;28415;28586;28766;28941;29095;29254;29387;29541;29688;29817;29958;30113;30211;30364;30523;30711;30908;31086;31252;31476;31775;32115;32461;32819;33161;33476;33805;34143;34458;34749;35062;35347;35630;35894;36104;36316;36477;36614;36692;36778;36799;36828;36814;36776;37030;37454;37843;37923;38487;38088;37682;37335;37218;36354;36470;35560;35173;35015;35307;35189;34699;35242;35837;36400;36801;36394;37065;36165;36093;34856;34495;32757;32576;32742;32922;32781;31879;29676;28603;27193;26317;25131;23862;22050;19340;16299;15039;13388;11741;9975;8656;7040;5519;4190;3042;2093;1363;1570;26583;26802;27000;27145;27331;27483;27654;27836;27945;28108;28267;28400;28541;28661;28792;28924;29041;29159;29340;29441;29555;29697;29944;30239;30557;30844;31115;31399;31645;31908;32160;32407;32644;32895;33140;33367;33586;33805;33972;34133;34264;34376;34484;34538;34541;34567;34553;34804;35077;35783;35996;36280;36169;35818;35377;35477;34955;34666;34332;33567;33743;33674;34040;33583;34465;34710;35583;36293;35961;36491;35945;35813;34916;34765;33070;33006;33544;34000;34196;33244;31793;30906;30392;29553;29204;28301;26638;24654;21139;20318;19402;17994;16055;14780;12682;10402;8219;6337;4546;3127;4666
"2062";27745;27979;28175;28379;28552;28704;28896;29059;29199;29336;29490;29627;29777;29901;30050;30169;30336;30490;30675;30897;31095;31250;31497;31819;32145;32489;32855;33188;33467;33808;34087;34402;34684;34986;35240;35534;35778;36014;36230;36426;36579;36688;36777;36842;36867;36892;36865;36787;37046;37453;37845;37918;38482;38045;37641;37277;37143;36278;36384;35508;35063;34931;35207;35077;34593;35121;35675;36245;36618;36206;36856;35979;35861;34644;34213;32467;32259;32375;32453;32263;31298;29008;27828;26351;25333;24021;22656;20663;17884;14853;13404;11611;9934;8353;7009;5636;4274;3083;2131;1420;1655;26557;26766;26964;27107;27294;27438;27610;27782;27901;28065;28217;28358;28480;28612;28753;28869;29007;29113;29323;29427;29543;29720;29958;30281;30576;30875;31157;31396;31659;31888;32112;32379;32566;32802;33059;33258;33479;33703;33906;34076;34227;34372;34472;34562;34599;34605;34634;34609;34850;35122;35835;36044;36293;36186;35826;35376;35467;34912;34647;34292;33520;33679;33627;33949;33545;34394;34627;35499;36197;35857;36385;35862;35694;34793;34651;32919;32848;33372;33786;33934;32940;31465;30503;29915;28989;28480;27465;25662;23452;19907;18811;17698;16046;13979;12592;10507;8341;6355;4602;3214;4803
"2063";27723;27943;28147;28342;28495;28683;28845;29010;29155;29294;29429;29581;29712;29866;29995;30125;30276;30439;30651;30879;31060;31257;31503;31841;32195;32526;32888;33203;33497;33795;34094;34358;34638;34910;35153;35423;35685;35903;36143;36348;36526;36643;36777;36842;36915;36927;36919;36889;36818;37055;37468;37831;37893;38454;38003;37583;37201;37070;36199;36308;35409;34985;34841;35098;34960;34459;34973;35545;36075;36425;36012;36683;35753;35626;34366;33947;32139;31901;31923;31971;31678;30599;28246;26983;25386;24226;22814;21279;19112;16301;13251;11652;9839;8330;6763;5632;4371;3154;2153;1452;1720;26539;26733;26936;27066;27254;27406;27569;27731;27862;28015;28166;28305;28428;28567;28698;28831;28945;29080;29296;29405;29519;29729;29970;30283;30620;30921;31174;31426;31672;31877;32113;32323;32518;32741;32963;33171;33386;33606;33803;34007;34177;34316;34466;34558;34611;34671;34677;34688;34675;34890;35162;35882;36053;36326;36191;35820;35357;35445;34889;34584;34253;33475;33618;33573;33880;33475;34313;34564;35390;36115;35754;36284;35733;35582;34675;34528;32763;32687;33136;33533;33649;32586;31062;30053;29358;28293;27668;26460;24440;22084;18464;17163;15810;14003;11907;10452;8435;6457;4617;3266;4954
"2064";27702;27927;28115;28300;28456;28649;28806;28970;29109;29236;29386;29529;29664;29809;29946;30069;30239;30380;30608;30837;31031;31249;31511;31844;32217;32569;32921;33250;33513;33813;34092;34348;34608;34846;35083;35345;35588;35792;36055;36246;36446;36592;36726;36843;36921;36963;36970;36963;36906;36821;37069;37454;37818;37881;38394;37943;37504;37153;36984;36118;36220;35316;34901;34735;34982;34841;34332;34835;35379;35886;36259;35826;36456;35536;35351;34091;33621;31794;31471;31449;31400;30977;29838;27393;26008;24297;23045;21430;19691;17458;14555;11529;9888;8250;6768;5444;4364;3225;2203;1483;1798;26518;26708;26897;27053;27217;27358;27530;27696;27821;27962;28123;28245;28393;28528;28637;28776;28900;29044;29243;29365;29505;29698;29967;30304;30636;30949;31210;31464;31712;31891;32094;32316;32480;32686;32913;33067;33293;33516;33709;33903;34099;34265;34421;34533;34636;34676;34728;34750;34737;34719;34936;35212;35900;36065;36333;36180;35816;35326;35413;34850;34554;34198;33414;33545;33507;33814;33412;34236;34466;35317;36009;35660;36173;35618;35466;34548;34366;32594;32486;32912;33233;33310;32202;30588;29508;28679;27485;26658;25228;23034;20505;16861;15353;13816;11936;9920;8384;6540;4694;3288;5074
"2065";27684;27907;28096;28263;28433;28620;28751;28932;29060;29194;29342;29478;29612;29758;29896;30014;30172;30343;30570;30774;31017;31224;31484;31847;32221;32593;32952;33278;33573;33843;34100;34352;34589;34825;35025;35282;35483;35705;35960;36138;36354;36527;36658;36804;36907;36986;37009;37001;36974;36911;36844;37048;37447;37798;37830;38347;37881;37427;37073;36908;36036;36131;35227;34789;34627;34875;34703;34209;34667;35218;35720;36057;35646;36214;35285;35076;33770;33262;31381;31010;30894;30728;30224;28945;26421;24907;23119;21678;19856;17987;15626;12675;9795;8298;6732;5432;4237;3234;2258;1522;1834;26499;26695;26875;27018;27180;27332;27493;27644;27787;27915;28079;28202;28335;28472;28603;28722;28864;28990;29194;29324;29465;29690;29955;30293;30641;30981;31236;31493;31733;31919;32114;32313;32466;32660;32837;33023;33202;33414;33617;33811;34004;34194;34358;34507;34617;34673;34752;34784;34800;34795;34771;34984;35222;35911;36086;36331;36175;35775;35310;35361;34800;34500;34135;33362;33480;33447;33756;33332;34148;34389;35210;35915;35559;36062;35506;35341;34397;34182;32408;32250;32649;32911;32908;31706;30061;28824;27881;26517;25437;23796;21411;18755;15084;13424;11796;9943;7976;6508;4764;3342;5170
