PC_0,PC_1,PC_2,PC_3,PC_4,PC_5,PC_6,PC_7,PC_8,PC_9,PC_10,PC_11,PC_12,PC_13,PC_14,PC_15,PC_16,PC_17,PC_18,PC_19,PC_20,PC_21,PC_22,PC_23,PC_24,PC_25,PC_26,PC_27,PC_28,PC_29,PC_30,PC_31,PC_32,PC_33,PC_34,PC_35,PC_36,PC_37,PC_38,PC_39,PC_40,PC_41,Class
0.0585495503756456,-0.01907419756032741,-0.01620421565131196,-0.008053839333273173,0.010382574777758918,-0.00012722520595871185,-0.0008150854174291448,0.0039169065305830674,0.00463760464190588,0.004227299671588426,0.0062268467691249645,-0.0017553604478047367,-0.0014490399425448133,-0.006526315458404742,-0.004514035159005635,-0.010253357301381799,0.00969652046633662,-0.013519907412759718,0.005195349275608948,-0.0032261139709354966,-0.007738581514488728,0.002194265980645726,0.008912066930167068,9.695572343818364e-05,0.03151373596668355,-0.005732871183016934,0.004661747343871237,0.00011992239731444688,-0.006865892383215373,-0.010235327609844556,0.01261536819189249,0.005338510276727155,0.002527470487193426,-0.005770690748593403,-0.004814427335354687,0.005529103585152813,-0.00450849761208508,-0.007755539029921393,0.008684504324479047,-0.0020996687442109223,0.0037382096935486466,0.020644580804458572,1083_1.jpg
0.08408327066950237,0.005413403012176341,0.007679989307418903,-0.018370766913738186,-0.005887996013507398,-0.016856759838539223,0.003432796403674181,-0.01600099115292763,-0.007177804079092478,-0.01105335846819791,0.011668007429167255,0.020679412054562907,0.0070294557844575115,-0.024246943056831397,0.011358914348022098,0.0001021171833770024,0.0005793027333683797,-0.014358908831432477,0.005085121580329793,-0.007484956252773421,0.010333313552361507,-0.010509870109449546,-0.001257980315418782,-0.005972287899635741,-0.009777016924488109,0.008664160472784526,-0.006151837592903745,0.00429587871797575,0.00673152662463575,-0.0035798459580386006,0.005369876828053399,-0.009275032817796338,0.00016742734127782942,0.008111527683005002,0.003395276789318579,-0.008280918414291143,0.0007584057712069611,0.0010151159217395523,-0.011359876486284736,0.005996982524815335,-0.001938021435593206,0.004822961558697002,1126_A_1.jpg
0.01760184239379705,-0.027546022929638744,-0.025688932928102357,-6.893069229948215e-05,0.008337023990716248,-0.018052565840995866,0.00017722068421940627,-0.01804171245343174,-0.012771080710228202,-0.007973815742602561,0.0008081585619102039,0.0027143234689081903,0.004116199016392192,-0.003328288242419953,-0.0016695842515774574,-0.007252995651745906,0.004493350914913005,0.0038258813685625374,0.010313350044955486,-0.011868093648835485,0.00852461299703777,0.0004939796355541376,0.005082482665142858,-0.006720874432559585,0.00047947204501757267,-0.004603534200070643,-0.0008790102875497004,0.005675768294955137,-0.0001386899787693647,0.009743445931520045,-0.0033549877608811396,-0.0021617759752276294,-0.0012327605449027757,0.0045662058601061775,-0.00874974005545559,-0.0011621366223592364,-0.0025964949233036223,-0.002171767087462287,-0.005890594461743587,0.002151339885309003,-0.012047604376267175,0.004534078207856161,1126_B_1.jpg
0.03207007280653114,-0.031154224188743564,-0.041699522087201624,0.0026315166949341705,0.02947708593459049,0.01047950322778002,0.0017249694169580582,0.011165067117467438,-0.0016431309200796184,0.01232547953509131,0.008640097285613095,0.003431227638351817,-0.004063643119578179,0.012965214963317716,0.0014895887109324896,-0.007142565080895541,0.002915178224338254,0.0013456781815822886,-0.00026599980701169624,0.0004317353993104283,-0.005113285463460274,-0.007055021858066362,0.004832001213771987,-0.009906240198424015,-0.00968575895770187,-0.00012657437856875448,0.007151009231644523,0.007536034871794434,-0.006370816219548455,-0.006604435988326478,-0.017245747709745417,-0.007833590969963961,-0.011702984198025266,0.0017858274714490341,0.003782066869153656,0.01654343327699628,0.002011562635224645,-0.00025097612953378255,-0.0027931909481102007,-0.00596729065690772,0.02497323932472673,0.002802247412566828,1198_1.jpg
0.11178152131451863,0.03926682026131903,-0.0073241982126260275,-0.00329312581502576,0.004277744962037849,-0.003685857880670934,0.00252512934195239,0.005617994607604353,0.0005270523494115089,-0.007239846284944848,0.0026905708992439516,0.03259784096116422,0.005712523654304826,-0.022142011779725513,0.0036648056741262042,0.0066295811232092985,-0.014231922043239448,-0.010926837876154671,0.0031394169258048537,-0.0021345140449791347,0.0036736987893242496,-0.024962231908212677,-0.0042869614968113565,-0.0049882303482608635,0.0009244838008860109,-0.0017973863334909011,0.007499735865240897,-0.0002862233205603438,-0.0005521214902686005,-0.009996802192021668,0.009574698386125383,0.008999915057272843,-0.0016363850323768778,0.002821171397403915,0.011111999799919831,-0.0019026233345073066,-0.0017719536130678482,-0.012431095491134836,-0.0015381445926511052,-0.00925999648957917,0.005004889776190837,-0.008110134219357825,1199_1.jpg
-0.05742305014126242,0.009394371488455632,-0.04949302857289407,-0.023654344156315784,-0.030887858640997638,0.005835321323606605,0.0005469789806783029,0.00920956500317214,-0.0024594883598725737,0.002829814554867222,0.007433629351134484,0.00023108715769637537,-0.0016637968420478327,5.394280112489743e-06,0.0005130876787878846,-0.007371306910920059,0.003259947368107463,-0.013654215367921902,-0.00010207045089715759,-0.004150937679258832,-0.0034681257021907798,0.0010667084551814572,0.009132283816795594,-0.004875500192128202,0.013922467590894286,-0.0037483371149419882,-0.005992671162842667,-0.01169572361624635,-0.006383593900827347,-0.008249747589321824,-0.0022664604271761496,-0.005974619719867645,-0.00653655285527137,-0.0010008955616394876,-0.0031128336430107377,-0.002515514251783238,-0.0015361124582185328,0.006533129265399883,0.004427173448891124,-0.00028383394558634863,-0.003183396606342117,0.005795835693540685,1281_1.jpg
-0.03861336216284574,-0.010835347352911827,-0.01445379378701046,0.019693162590416403,-0.012677124539493123,-0.01826296758239548,-0.004629524776917166,-0.007108898325071304,0.015353899776593665,-0.0045202280496515305,0.013844950564018669,-0.012000520226858649,0.006048165237974104,0.001703695860474992,0.0007079068313435769,0.0018070735013664852,-0.0045074021160664696,-0.0035566552788585887,-0.003391721632500183,0.01755242821024543,0.0025630702433357957,-0.010094189120721233,0.01412294213426883,-0.002105311953879496,-0.0025748500195060344,0.0036964742649033063,0.004608525165832921,0.011956853828236478,-0.012146071077423383,-0.0031324482909516832,-0.01234477460259366,0.012830819022926336,0.0006125842105664442,0.011983994169343365,0.003316985545790099,-0.006019169246567281,0.010648240596847259,0.013543036517241763,0.0031196249410634213,-0.006878034018154547,-0.007830433591573798,0.0027232774058865462,1282_1.jpg
-0.026552844164842982,-0.024687855421036665,-0.00098180081036795,0.014087234146932973,-0.006980293510256862,-0.007003034018828594,-0.008751890033376139,-0.006763735414194647,-0.006887478695805901,0.014788550108658767,0.014300667805627052,-0.011641105276200605,0.014930966830957662,-0.015659494322794364,0.009372375984220697,0.0037118293216368108,-0.012961771286602307,-0.013993412643943647,0.016586139694504766,0.0016530897916386448,-0.018693700459902683,0.014982802689941867,-0.008437730139939219,-0.0007513802061788721,-0.005576070438066227,0.005697452584690961,0.00029582654145177703,0.0017943590789722842,-0.003358055014282347,-0.001021070245176116,-0.005598634554179176,-0.0027037968075753296,0.0034995707172757167,0.004095609120374002,5.964089220145306e-06,-0.0018000172394188744,0.005939012989169516,-0.003494071292408731,0.003047737970246053,0.012056994256168534,0.0005522024270650557,-0.003021757944833413,1283_1.jpg
0.11478767870933668,0.04877803007170352,-0.010736903711146436,0.006781518929052231,0.0042826260848050106,0.003488635605739988,-0.00281824559063804,-0.007265364567071934,0.00689534502494668,0.004772805769025199,-0.005005085424378485,-0.003036678398365566,0.02528255950525636,-0.0025199168919290485,-0.0169928254417651,0.00580617368509572,-0.008692556615685156,0.0017767759961632129,-0.0015141875563642244,0.0003621986254211578,0.005407448274394541,-0.010147493886959524,-0.005032668906147278,0.011470064457492046,0.018870146218980473,0.016309621282498233,-0.01737477580196552,0.0008195305991317668,0.0003230762459803268,0.0025225248222393993,0.0015856235030391498,-0.004377165070046922,0.0020682043415720572,0.009192326338538,0.0017769940161398486,0.013082463073073699,0.0027440942949870334,0.017736895355426854,-0.007745760083673104,0.0029063359722871214,0.0013722270528684238,0.00606849045155408,1466_1.jpg
-0.05527885377777201,0.002872438846430003,0.006610948945791999,0.017538565099823083,-0.001308051674329124,-0.021549087116434607,0.0037583539367065594,0.005600020392654162,0.0168540556683028,-0.0015557469555060452,0.024362579548231122,-0.012510553914036717,0.00046974648621802927,0.008675379609586482,-0.004654913083182867,0.009480036323876125,-0.00709126297717789,0.006168822425008489,-0.005258291090681109,0.008677009236465954,0.009706380639532837,-0.016918622911546072,0.005100683037134049,0.01382011787371583,-0.0042699235171909725,-0.0007244206822126255,-0.000745412701724805,0.0032027806419478587,0.010260272298355558,-0.0029564254657890874,0.007205929127743522,-0.008072476836000674,-0.0030437761491835364,-0.006717963691374393,0.0052517939689481685,0.001705694016898931,0.014903035234171736,-0.0064955394742441394,0.002021654580277419,0.006421904344124241,0.0003534798315231658,0.0178894932245518,1525_1.jpg
-0.02966418375706465,-0.017492383366645624,-0.0058908722215897805,0.007818523262170746,0.001310671964914063,-0.023903033870432088,0.017900314100490863,-0.02394215010419567,-0.012335350665837668,0.0018917671138903149,-0.007499767442947102,0.0021384991483806193,-0.007877495677196268,0.004793213242263243,-0.014084021499754764,0.003724190333701752,0.00472224989282584,0.011464076981095962,-0.0016677201274623034,-0.006854009386221335,-0.003457701864670166,0.006777580771422976,-0.008762399717214838,0.002660759484263669,0.006711742628912643,-0.00499403667154231,0.0010921512318517793,-0.011180433109802644,0.002258317174256525,-0.015288847214711274,-0.0012508075948683517,0.0014147769439901226,-0.00417351873450078,0.0027498868288035887,-0.0013091749873564383,0.0034983212156618083,-0.0007026868599252915,-0.016357490920174682,-0.011590201099736904,0.0011120626237867413,0.0001599350889776446,-0.0018312034379291073,1565_1.jpg
0.09016181592198322,0.02175694045132927,0.027047527609899338,-0.009514910757516723,-0.02490498194057289,0.0019882349449060173,0.03831469712241037,-0.024635107177146228,0.01152036673626904,0.006886779144916494,-0.01591955896184954,-0.007546889230901782,-0.024156442097680073,-0.006325080133454589,0.008231768310677968,-0.004144712320115297,-0.0029334944968674994,-0.007761918158121415,-0.010617528254509076,0.025157358381914022,-0.020807336165646197,-0.0021610049774655566,0.0137315298007016,-0.007242325011412018,-0.008308443554186648,-0.011172584414766085,-0.016594402528396546,-0.0037923016463524426,0.004502600869417159,-0.004092550478338201,-0.005799634263885984,-0.003931149935962446,0.004946736583135358,-0.009578030426529374,-0.002549939229485551,-0.001476344276061904,0.0040797123993060866,0.004416056925654524,-0.011641757210652056,0.0008553366408639283,0.005632933804300517,0.0036295949177374,1597_1.jpg
0.020663002063709586,-0.03105220981456558,0.029395858380879384,-0.009909294654515555,-0.004444227491628693,1.4716143667637062e-05,-0.009920376999226738,-0.00022570800658956204,-0.01842991889133906,-0.01069018451455158,-0.01762296687244517,-0.01749481688514976,0.01228403852020915,0.008339191444849917,0.03544454702875021,0.010353077624407897,-0.0017047909572505148,-0.0069819179356362315,0.004137542869526222,-0.006806586942970468,-0.0012601393255288757,-0.005627379317906252,0.009024650028148052,0.014639195057175697,0.0014849837201577633,-0.004955074596353833,-0.004855854857672937,0.0009141486604032476,-0.010576322676672427,0.003843447125374743,-0.011853862652773333,-0.006292452793222438,-0.003797345966912314,0.008511566764542098,0.0035077807252356314,-0.004164988420252443,-0.006516907137508982,-0.0021090296505230062,0.00986364101040039,-0.006203959196006223,-0.004431936365697895,0.006324488726862454,1642_1.jpg
-0.051651929641590544,-0.005728565920640963,-0.0187657381161797,0.006728356363797512,-0.021444349552498625,0.009624181391216444,0.007489327830718354,0.01609689442557059,0.011521554343301658,-0.00028925749060067517,-0.01460200556908142,0.013760144855714284,0.00033969980169884793,-0.007785366947004967,-0.0014115013739542611,0.003984201741130633,-0.01217820453674877,0.0005398510859380656,0.00119623266053511,0.009023998348109534,0.013059787928954857,0.005242436896185759,0.0019754178798428645,0.00016675322540049447,-0.003991068877176059,-0.005606330351077883,0.003269159081278735,0.002651176107580146,-0.007147825311864877,-0.0028085316911327283,-0.0006697871846388905,0.004713015410926847,-0.005587003951555348,0.007086081804553283,0.003358277847770564,0.0021925287066434365,-0.014681456466657927,0.0030153318744678545,0.002937056706603449,0.01130790557593141,0.0003123302882362043,0.00114553776920421,1658_1.jpg
-0.05649876678948591,0.000526482308515261,-0.027551592631766878,0.0018897552967775174,-0.024186941330077545,0.018191443257227043,-0.0019420054409808214,0.016101953068336228,0.006779168509854512,-0.003231151966302141,-0.005973430265919248,0.0017735578506578242,-0.0038990398038168954,-0.00042089245366593714,0.007335222395011052,0.015335102454565723,0.011755217703357928,0.0023938134683687716,0.0037999393756557444,-0.003591006193167585,0.0033316986017299503,-0.004494030558861683,-0.0031446290013503993,-0.0024062145987574705,-0.004045915615465306,-0.0034241492052540018,-0.004618524713843717,0.0009584001096730269,0.004932942883146898,0.004010980047593439,0.005987411167054574,-0.00036107697875389737,-0.0015018034237223158,-0.0070090288008526035,0.007261650133929733,0.0008861664938577882,0.002019909876998655,0.007068627936173107,-0.004397446591234706,-0.004318124846189116,-0.006546588244883936,-0.0032473653547982605,1659_1.jpg
-0.07682718652759894,0.01660341154646984,0.009060266042320448,0.018831370212671644,0.00932997330804239,0.03566373051514151,-0.010758090027682481,-0.01908031164460722,-0.0033416038872193282,-0.004103747207249029,0.007446268154456443,0.013451216632502414,-0.0012052147954046564,0.0034400597052827004,-0.0034171897909092124,0.011275975706199128,0.004883298176170012,0.000741157787775517,-0.003298607055025976,0.002060148646575716,-0.01152250318124665,-0.005308338130546109,0.009127501819692331,-0.013013764946774267,-0.0019161433069735095,0.001102488778488009,-0.005667077460102727,-0.004911911337650492,-0.009663580196082605,-0.008287126926519176,-0.0006945610515572674,0.0014877366493898324,0.003583949435660773,0.004150945973929344,-0.0011764011442729361,-0.004652642326928592,-0.004266442687464444,0.003972726670867037,0.011489151769376043,0.008424018681737009,-0.0040317198185548615,-0.006204688058699188,1811_1.jpg
-0.039714597916955315,-0.011468987445513914,-0.0055482970289294,0.018388620743960683,-0.013991696643935835,0.006892171476481897,0.0037680986026016675,0.006798192607279386,0.008586798843686627,-0.005811802905675676,-0.02253810792613778,0.013089771794112148,0.0002431484040938809,-0.015531769126963333,-0.011631552469413872,-0.0042392456403104375,-0.018216705291947244,-0.005103368937852164,0.0047021191736409534,0.007761973849543797,0.010818319115505392,0.002970504865353733,-0.007053417341161765,0.007203670110191552,-0.008631866182660751,-0.011199713923040828,0.003209514318680175,0.006665554961131426,-0.00796799734306326,0.007147689499952033,0.002012002181600778,0.006070498949532798,-0.01049075991874553,-0.014222068138703555,-0.011872403082474283,-0.0025246651469118643,0.010774165909836072,-0.0014262797965208236,0.009150616234808171,0.007394846144438473,-0.00023178613443387781,-0.0007617798247831195,1852_1.jpg
0.0347797886619699,-0.006240198730738728,0.030317717273351138,-0.007070123223147953,-0.007111636955296381,0.005972070656738794,-0.02255758000543884,-0.004704354492309934,-0.022926586365723364,-0.0030554071306919273,-0.01040946213411324,-0.013953271851295733,0.018661599515266615,-0.005850489857872908,0.01810600525421784,0.0024907179496091456,0.00241050475659694,-0.000791081684690379,-0.004824434104240548,6.160645594097262e-05,0.010107383218048325,-0.0029820732225400858,0.022463153545926172,0.010118585571710081,-0.0038050099486149048,-0.01528204725932338,0.008669000355309207,-0.0003040817400947803,0.003914190564725763,-0.001327435268332898,0.007767474328020134,0.005188834430350486,-0.010244107233554721,-0.0059566366011234925,-0.01127221855759716,0.007118652096724273,-0.00482860725212433,-0.0023427010707527188,-0.011434688021048744,0.0036736904210255992,0.010608807578426967,-0.0037455241416293667,1853_1.jpg
0.002681851999646536,0.0006322760247633479,0.07598135534620126,0.005070509849086496,0.0019508996174377442,-0.0260622752054881,-0.011043052287814175,0.04169420761498788,-0.00949093665598668,-0.012701720484500507,0.02510944929405591,0.014119825474214743,-0.006372057791173895,-0.005600881845459801,-0.006684664036898928,0.012160794685826187,-0.000729908411791009,0.002786165651381083,-0.0020483156093855847,0.016627815538116163,-0.006404421697299918,0.007549934192132548,-0.013226853509618015,-0.01482102462763073,0.014825368362295624,-0.012101621574959202,-0.009616106581178238,-0.003346256846911293,0.002091906102614018,0.005523187638382469,-0.013459892481706608,-0.005108276842424569,-0.014021790048419849,0.0055202005382681985,-0.011097791023284384,0.004853851369184176,-0.0035453502958216585,0.0036821382483929856,-0.0007914312734472805,-0.0030734589647147493,1.7196208739278127e-05,-0.0009736476386604469,1854_1.jpg
-0.09707434308416654,0.03619431319602779,-0.01193568198858705,-0.03347302880683628,-0.02326775087070288,0.013448778646227072,0.031143131157854078,0.0246458000644977,-0.030219113590263347,-0.0022280260276020592,0.005476942713855514,-0.008786144000601124,0.01622847214473063,-0.0007574766822102069,-0.006173890385271239,0.004010285697308603,-0.008593619662660135,0.008894416463794833,-0.01929812222643037,0.0016638545327356021,0.0044536450207493675,0.006311402502019449,0.009464836689051985,-0.009372329116896108,0.007725041757826364,0.02281121075299658,0.008309439060112231,0.007240458121716052,0.009064071935887532,-0.005258083156774519,-0.0075241609697304325,0.00866910005930147,0.0017621248502225598,-0.0022771831760079117,-0.007752507627550989,-0.011142115806746065,0.002945730557825276,-0.006551018033470429,-0.0038641037726043098,-0.0005078007649197471,0.0017909638069395306,-0.0008307945915095842,1871_1.jpg
0.04337740733112022,-0.03538424586678824,-0.004506196904395595,-0.010492870899680812,0.0054633221077999335,0.012661826321592951,-0.004216553151251077,-0.009765083012567455,0.001195380288590794,0.002965616661135292,-0.005264168675178349,-0.02134398895192238,0.012482014797736397,-0.015267442841235655,-0.015554014196546236,0.013554304260488733,0.009083701482931108,-0.001201896942510063,0.0031068721542661837,0.005753934050048104,0.010361972035362464,0.00034934935714470947,0.00048402850304786433,-0.002965528358619028,0.011694571304291832,0.002212724778686365,-0.009288544846479105,-0.004975295610222694,0.009679229541730472,-0.0016190218576213114,0.0020968064153030347,0.001764965652563023,-0.008890179645583902,-0.002441437663552529,0.005532016968130234,0.002628042948143088,0.013555291588840824,-0.00012026163790627284,0.009492215281597972,-0.007921033789255787,0.0033979028780179495,-0.016584680522697046,1917_1.jpg
-0.08775991015269091,0.01517791049134558,0.0180470204845465,0.022165466276812765,0.006665534437984472,0.02506393808094062,-0.012808187345076084,-0.004581333141778556,0.0013996725015075053,-0.01909611501592568,0.0046055331992542236,0.02632103733938411,-0.005595241494314224,0.0010166926721894578,0.0076502405591467445,-0.023275329830967556,-0.0004765797463036533,0.004077001311525119,-0.0016636492549378151,0.009729180031018999,-0.0070163934954243674,0.015595745472016241,0.01809822270238534,0.018173609813326008,0.0013831904333443121,0.0169799301162003,-0.0031034229606761794,0.012389218052115705,0.00964941253867871,-0.0010824831446133222,0.004665217607982391,-0.005268979635905568,-0.011351615998694227,0.00035086700899780596,0.010270277150667527,0.004226857233464154,-0.0025225624845483328,-0.003465077625226186,-0.002651594446616125,-0.005451466423216139,0.0006728317050264583,0.0011574104340654002,30054_1.jpg
-0.013648774575798692,-0.019627628048245225,0.003354522057261457,0.011782875558025256,-0.002537038810133743,0.0029983183760031954,-0.003711482187974608,-0.004183053682208768,-0.020929761243588054,0.013855053091637993,-0.0057891691697291164,-0.00193686245541842,-0.005593567685405703,-0.010546635095502672,0.0037770572444634064,0.00219681580529153,-0.007483510203455676,0.011156352778112447,0.011317013963102997,0.002598962204586203,-0.011186522518895004,0.012435302447372154,-0.008221133793748782,-0.014505216718936129,0.003311800574657825,-0.0017557205781245895,0.003307666269941136,0.026718590796793704,0.0054214221727266546,0.0026163566772337077,0.004973741367422865,0.008250933819695676,0.010981865622291911,0.006767508164828844,0.003568426149204358,0.014301975941062898,0.0025799722609559776,-0.004170311634602125,-0.007954174482896379,0.00023172979723300915,-0.008388984556151953,0.007335553865653407,30075_1.jpg
-0.12886900256820422,0.07748675775116363,0.0030101632210052707,-0.058209193564411184,0.00543433988679823,-0.007035345049288557,-0.02636846858717822,-0.006926164900222342,-0.005196061735255804,0.013955007888145398,-0.011354691104781035,-0.007198794996647836,-0.03239032982031126,-0.0031323032552848756,-0.018527925755848784,0.006582833512537514,-0.011712010072613861,-0.008986488368398063,0.02506977214655197,0.006434960880726175,0.0035284900856882274,-0.012303519724609517,0.004750877290776488,0.01214516187823259,-0.00026342556938991035,0.01439556553281445,0.004072598433526572,-0.004919877452407165,-0.002692125423456463,0.005579164900015888,-0.011595212040625419,-0.00017410898498552863,-0.0018222403312563144,-0.0018453459194723966,-0.007371479838769639,0.0031126598336508582,-0.0045358383997115455,-0.006120986822085859,-0.004971468247038968,-0.0062414884561405705,-0.004202984563189215,-0.00026475125732959776,30100_1.jpg
-0.040479924907249984,-0.00961378555542168,-0.008260083504675378,0.019873146815287485,-0.011985924985286524,-0.004169966674378491,0.0075461931652803065,0.007971695484806909,-0.003963974824390815,0.02371632014851014,0.009387043529633784,0.0038704311962851463,0.014961665358413513,-0.008730985038769281,0.007359877324235041,0.005629486287010684,0.00474193393802383,-0.014740211883415046,0.010827782207884627,0.001665813317977876,-0.014143561645860515,0.011943413154118067,-0.0065764560273179964,0.020195801597807334,0.0036974912635944434,0.004985593763564493,0.011508359920542678,-0.010055646589713939,0.012178087143614777,-0.0010061012303427957,-0.006645105477928677,0.004994487769200985,0.010583351781483412,-0.007678237264051783,0.006179490578853854,8.744646614588203e-05,-0.009340282350130482,0.010234634751619363,-0.003919054348926202,0.006971180331804843,0.006903072978303726,-0.00466835800318164,30106_1.jpg
0.004674184358133538,-0.011847428021542546,0.03220515142504995,0.004916958081740472,0.0015870510544911743,-0.004144035307933304,0.0078055862685074764,0.017733118554740787,0.0107910814288254,-0.0009960599678443178,-0.012589929412843051,-0.006223589956623523,-0.01396082327240971,-0.013620286890297817,-0.01896973463630442,0.014346743826976514,0.0016875012534469543,-0.0015825986269984943,-0.0060828435795011486,-0.022292747452743008,0.004142242441304313,0.003941366126578821,0.013070009200661032,0.004246960904457153,-0.01288608125733387,-0.00703270966739765,0.018403270989038996,-0.00023551187749631705,-0.0035424011536233794,-0.007161039609974816,0.002878473632990118,-0.007352930985619599,0.002197492897951405,0.015931104747304484,0.001197572700111183,0.007956672456444784,0.00588815156096091,0.012137769427112349,-0.0039979357806474375,0.0023913361710318428,0.002317591498411377,0.0008859988659056817,3111_1.jpg
0.10357968422888567,0.039204630967788236,0.02310211973884977,-0.014396995653194935,-0.025518482592565707,0.029085447439374447,-0.005563327526584111,-0.02341382018045826,0.012939612506101842,-0.009584874787153815,0.024030182286766812,0.0028138615300113867,0.0050367756700732316,0.014403086067280706,-0.010571160385910659,-0.0015361340564033698,-0.0010979933661658468,-0.005504571171571175,0.003922653413343154,-0.006778328895961002,0.01253986288795987,0.009041829629115466,-0.013875361878258616,0.0064316432786068,-0.010586972686661715,-0.014507245667678222,0.008137341133181146,-0.003819844820493582,0.01371846906018971,-0.0038184000476389267,-0.01734045020385531,0.006414121762071527,0.010856505208077025,0.00740708596570989,-0.005328299719625224,0.0004844452980632732,0.0008805130586619348,-0.010514404758890974,0.01121834228583358,0.001019347077055409,0.0019494912187811473,0.010153097959711341,31214_1.jpg
-0.05753013546390831,0.0017304198785363528,-0.0030796304479919164,0.008533418023489179,0.0009875102639312879,-0.008150708544070462,-0.00034993551816818154,0.007497900188098793,0.005730525507437398,0.016267785091084397,0.023585489635079414,-0.008562646325758731,0.0077075855388036366,0.0030871871642556047,0.011265746785906711,-0.0030649786258536726,-0.0006983130534010514,-0.0017363840901717291,-0.004838788443579585,0.007035116771347555,-0.0036093893193664983,-0.002608486418706811,-0.004928633616831771,0.007124003406057644,-0.017740516451227078,0.002928450774585263,-0.0019940189004597902,-0.01491914214950897,-0.010066368012734687,0.008738169724906686,0.008553867500946303,-0.00248405601117961,0.002893258268577356,0.004090494115574298,-0.0020154675061485167,0.0124240761288681,0.006893384290715512,-0.012012320985754076,-0.0033897012475634937,-0.0027184452928286935,-0.0010458589090327252,-0.010524207360602786,3146_1.jpg
-0.05091275896465248,-0.01227383026420578,0.003535057060519488,0.02307571798303842,-0.003733365072032026,-0.01606249905585784,0.0008212641272223386,-0.004304443005188901,0.008962221486791261,0.008997803556255339,0.008557814743754128,-0.013514589479808029,-0.004983887496174464,-0.0008009041102422161,0.0011733724364335002,-0.022304526376504014,-0.023659368577574252,-0.0007783625594547487,-0.013055436803323809,0.0011206748503117606,0.012305821605788966,-0.009273810267352533,-0.009250961801896036,0.00022777622272393354,0.010991752803760725,-0.004847969114609621,0.0075096198012719155,0.011077193325698844,-0.0021270790938963504,-0.0011317486066119516,0.0027969000358803483,-0.007036106020921484,0.006846040424020292,-0.012569404730637413,0.0001400769615215768,-0.0025194865073955458,-0.011599285010982547,4.2448656885822305e-05,0.004310577325579796,-0.004283098769859383,-0.0041177545996535486,-0.008922547278119282,3148_1.jpg
-0.05116461979207478,0.0037922326920145793,0.00139430554414154,0.021069171224550553,-0.006482773600649578,0.01599066717011678,0.005471674448338526,0.010041524377860048,0.0058062368429982825,-3.9412536412867536e-05,-0.006978032661261735,0.00933389241180118,0.004589091110145166,0.007865524640044938,0.003005009473718188,0.011269034475950032,0.02616807464482632,-0.004857937055802144,0.0006859742168502214,-0.006368457750640946,-0.004764264383337164,-0.01314515944545122,0.0022363276522155352,-0.005798983281673723,0.0006815251581197982,-0.0009826963629809941,0.015912528313095944,0.00256446572438568,0.0030656530335125853,0.01125898063984326,-0.006438848298114988,0.0038459799614388446,0.008796901459930189,-0.013700193620653571,0.001945268500006616,0.014938318784283682,0.007662719195223584,-0.003686973463069708,-0.005877513299162032,-0.006363725377010261,-0.015217574311145144,0.004852650842733921,3273_1.jpg
0.00041697721677842796,-0.037623785296437603,-0.05979803176333297,0.001221691299473061,0.019137929088157746,-0.008241586308621728,0.006417391854367805,-0.01393513921008737,-0.0050837982351206075,-0.0022180945901236065,0.0023497848337956638,0.009636507224546976,0.01041847679221361,0.0071063772822457325,-0.0012643149012157217,-0.0033372798399616058,0.0026943760261607017,0.0043967050295196574,0.003571511989270154,0.007642013026205634,-0.001001319039762987,-0.003542923814075743,0.0031889484953431736,-0.008648235060985504,-0.004385552614633459,-0.010540665710710577,0.004086903233461499,-0.0001669146518478813,0.0034963154869272484,0.0009522017972827515,-0.0023224702438971014,-0.002425098607497063,-0.009305443873087632,-0.0005564463124721443,-0.015455683905353363,-0.0046572817239149255,0.0017896905225553421,0.0018634929973353998,-0.0005961704028625888,0.0017510215267710406,-0.007035039524510991,-0.004779982984449416,33050_1.jpg
0.07696686294969861,-0.01604762864681103,-0.03264785592337715,-0.004387400877400128,0.03650988315202089,0.00725081491386695,0.014148713084023806,0.010569966837618043,0.008406905095903524,3.172105355406302e-05,0.01228997767649325,-0.0030825924146764367,-0.019098792459794456,-0.0017505968480667075,0.0011386282482530772,0.010597008923516171,-0.008255197458845526,-0.01846297264414984,0.006365712431733935,-0.010536259252706858,-0.00030413102856399467,0.013327946713335903,0.0074371187705562225,0.0025837214600851043,0.0007033661208013331,-0.0005214363552778955,-0.000994127681395543,0.00025860312264240555,0.005587279468762828,0.017551744470710687,0.0028061288007781462,-0.003592805740877988,0.006426073269013646,-7.512250129315315e-05,0.001068790029036258,-0.012951093761411948,0.0026398271461865524,0.0003001241629769851,0.002287148128607279,-0.007366279832529208,0.005736386054339865,-0.0038983749040683103,33201_1.jpg
-0.08611830413349514,0.019134919778772082,0.03281346892600962,0.015355615247566099,0.02594522556663274,-0.004232859624280616,-0.004445847314714986,-0.01289128144284254,0.004968913342589584,0.036681551886012874,-0.01416344716980762,0.01404238215294568,-0.0024549889235219295,0.012409443184425063,0.008701009126828318,-0.003112656184432195,0.0038141995776571885,-0.007724949990217033,-0.014709595428298973,-0.001907293848199657,0.014109514607595151,0.0009222578503501774,0.0017516756147998736,-0.011811252269851781,0.010108677767939793,-0.0023297456232458567,0.0025844705218926877,-0.01415785628721948,0.011473405020166458,0.01701356332981347,0.0008001310818968183,0.017936482704000303,-0.0055838362484980095,0.012833622038706572,0.005680332308041219,-0.011532296102784985,0.001380418723446925,0.005658624634270833,-0.00237859286046971,0.0031323422781075285,0.002091541931937231,0.006888381364518758,34028_1.jpg
0.048941844995394494,-0.0287566913990888,-0.030383759717792967,0.0008443480692655769,0.025461143673554638,0.003990459183970588,0.007450723274391064,0.008895056959683487,0.000333706785827552,0.0006714646786757148,-0.004430333977405525,0.0033462561678896936,-0.009715325001074793,0.01046293909438604,0.008633900248922523,0.005766639151544817,-0.010098311988020404,0.00953969510661349,0.006300673889394295,0.009138382603533429,0.010297484455823593,0.004239688018792894,-0.0037769607755790673,0.01067923018222616,-0.0028314516807330533,0.002062294119808218,0.010061110770896555,-0.004092697605595654,-0.0038250299777712986,-0.005766401559378283,-0.009611975838551239,0.0042928536660636046,-0.0051438231693381855,0.005532006954650864,-0.002902162096780654,-0.00646917189233235,0.0013738122627839566,0.0016174180705765128,-0.008271619001374434,0.00996138749187077,-0.0016820681024429806,0.0019968170407046576,34049_1.jpg
-0.02123311031640501,-0.01823877504163371,0.052828403005037175,0.00862997525737014,0.019797438900406306,0.00251945523678119,0.04979346387392434,0.013455335578760623,-0.0007659658785431249,-0.0028742514668993364,-0.014616688148176214,-0.011778639828480724,0.0025929181655023107,0.007993539291056662,0.002337525743603241,-0.02072386421233252,-0.0017813139995656235,-0.010800438159234094,0.019761004928893145,-0.010099252920448889,0.0025061753302156506,-0.013241612825321065,0.003795769151424818,-0.007847546323979626,-0.0036572046493953104,0.014029789187601924,-0.004562542613989295,-0.0017345612697405746,0.007995629449324086,-0.006052955448438272,-0.00018509428510289343,-0.0021460634677108103,-0.0018706391500716768,0.008774491327683926,-0.0027671740526237784,0.009649264428472689,-0.0020193705560150013,-0.003966867746184806,0.01593312333147989,0.005177745123902304,-0.00691134143986732,-0.005402751850786784,34054_1.jpg
0.0461124302052972,-0.023380104719264994,-0.00609483117999414,-0.0004523807848180971,0.014594537087229074,0.02150512586486327,-0.009457887241226839,-0.0013063652293105713,-0.0056267692135921355,-0.0172680324895833,0.005323665688679652,0.0034388092519514473,-0.012003470069102488,-0.0018328210249783444,-0.005476827337445497,-0.011380794143205846,-0.004532159293337792,0.0023104627992656447,-0.00934509018014002,-0.0005757855622984083,-0.005595663250243874,-0.004678526786584423,-0.009543019553710126,-0.0024788630228430673,-0.0043014097576280635,0.007541026206568873,0.003930192225542336,-0.011117404677844013,-0.005280256970042443,-0.0016579133261304228,-0.0015264014207359538,-0.007155550262456277,0.007732240167469259,-0.0018383351802528564,0.0013080521636443581,0.005250459655265993,-0.005617522999813562,0.011275157924625374,-0.006093615505484088,0.008491981818615817,-0.01017438106996421,0.0003461278221520838,34060_1.jpg
0.07231101372744725,-0.015847294713406485,-0.003914652699100482,-0.016277697085219207,0.012938482921804469,0.0009372265364407467,-0.0006374654297241908,-0.001390122953514756,0.003316051053534829,-0.0038330656942727062,0.0023749146021069378,-0.004563716657347831,-0.004893765900796472,-0.002615212639990481,0.010617072381065813,0.00719886134403967,-0.006197635228605013,-0.004239954952602049,-0.006206845688539451,0.0028149324390522347,0.009990564671638412,0.00377405765159871,-0.002830147745946593,-0.010587760273650038,-0.004278652608313383,0.008055246226317177,-0.012994874399034947,0.006465853251996821,-0.0005470707949217691,0.02000453434344455,-0.010633736675043175,0.00013065338493952798,-0.004294226625319293,-0.017042676563979203,0.015269473623188739,0.0039324237190643645,-0.005401472396785173,-0.008887527398058708,0.0012873856606435252,0.005418042640967124,-0.001991633501989509,0.004699997042104117,34073_1.jpg
0.02395966786392603,-0.040015541675404144,0.008506742556117754,-0.01981575569058492,0.0021304015861405216,-0.023701760158404018,-0.01669302458461853,0.0031033115539806995,0.018989759743358335,-0.02238767118121988,-0.01233689610126446,-0.018680325848280596,-0.00430601448577706,-0.007305486928686928,-0.003421572044957186,4.861302039151816e-05,0.009942209766944583,0.007037490346128472,-0.009714882279238947,-0.005686659894037991,-2.2672284558536828e-05,0.005237028284032274,0.0001969419150897012,-0.011555000215861696,0.008197245960844611,0.00703088109958855,0.007283126999169308,-0.002859970856188553,-0.00893438972598988,-0.0027848603070273524,-0.00799285266658754,0.010022654207919868,0.006427134860062302,-0.0063450686810091975,0.01896989793775264,-0.0031966597915681614,-0.0005907674241789856,-0.00680409203737063,-0.0009810244830249029,0.016797166561126696,0.006332051182078266,-0.002453689048153094,34077_1.jpg
-0.09193598379389369,0.012031670830645694,0.021690484932596846,0.020658047921342744,0.0033996516421321943,0.0008361077504213206,-0.011992320401975929,-0.0158371042037862,-0.017953029618102124,0.013296872839499587,0.01036965657830943,0.005972503977569924,-0.01512803997788705,0.009042876744329947,-0.0025525280361925564,0.02589762189216074,-0.008427533257007347,0.013480687375835855,0.0027554409638271414,-0.014632628076501258,-0.0008919223493482889,-0.00643169712708195,0.008210306994769333,-0.00840303328467452,-0.005353939213093257,0.002824653299190226,-0.010344905658017777,0.011959801458686152,-0.00491548695750748,-0.008659946322435517,0.011596577802607458,0.0018909177728615402,0.007079788763348634,-0.00800650443914884,-0.0008650467013141198,-0.00382852954601024,0.0002698432925301203,0.0016185618567118116,0.010887951047637517,0.005813883660260285,0.01179762441564713,-0.0001948293729281497,34080_1.jpg
-0.04422488178245867,-0.03576042067867178,-0.02124775766666003,-0.00014972372272259926,-0.01872074970591157,-0.020001216385369752,0.002143213767504942,-0.005160830686231764,-0.0036266156782431606,-0.012360387022281125,-0.021563676568999754,0.003514043890532873,0.005793655182159443,0.005889771876677337,-0.017465462632677224,-0.0033321348844632032,-0.002051229285785706,0.005135309856460365,-0.0015699364924847562,-0.012273083371627415,-0.0065263815720634135,0.0045575012315105376,-0.013897075165243937,0.008125770788175892,-0.012666600233636518,0.005699752161921803,-0.016577181501659672,0.003374039908633984,0.004661251605716633,0.0155576055132762,0.0020649087093319216,0.005202436782889714,-0.00016880069253768604,0.0015281370636326867,-0.005508351525587625,0.007418987643194351,-0.008701766687403559,0.0051017555874008505,0.0061632458190283455,-0.004442354192382542,0.01350553878322741,0.006329259794606135,34081_1.jpg
-0.08687370777162215,0.02699370940804298,-0.012153299744371019,-0.01429978546907946,0.0007751272069319257,-0.017978863350449546,0.02035421421568865,-0.00724653032045966,-0.015451280862294862,-0.010787476430483937,0.016593297033059878,0.012219905227193354,0.007504535948896416,0.011965295978080173,-0.0018377362733375594,0.004866640038052592,0.012948536882808656,0.007611112875250875,-0.003256269745212919,0.003050868562577701,0.01230111475465359,-0.005289292678378106,0.007440660076447119,0.004837124785539098,0.001592414313916502,-0.004497003462677571,-0.003141217650828249,-0.011831869794981678,-0.0001328595493158677,0.010393614630875472,0.0032430805645624478,-0.00610656243884063,0.0023000678608818786,-0.00704241325557222,0.00519016566867087,0.008515280502261949,-0.007045421755419344,0.0018062862620549932,0.0036893498574342475,0.01380669734750117,0.002344540366999495,-0.0034601327698904243,34082_1.jpg
0.12123461279175468,0.06140388846165409,0.006181739730193647,-0.0008896428071738158,-0.022217333321314564,0.006874323906710741,0.012031619015655469,-0.025352066161556965,0.014465170244056145,-0.001200432681774408,0.0085693790597289,-0.011042120134108187,-0.01122410088598917,0.013138323015497748,0.006439603435800243,0.005033962660774618,0.014879060504858672,-0.007569516681047749,-0.003865550712831004,0.00581430747096858,-0.001043821668433261,0.00704727583797952,-0.012010995306528995,-0.0039017664568470754,0.008815585389725643,0.012220381183362284,0.0184934980123852,0.014800103744523901,-0.011808223654656842,0.012713152718222856,0.013956733008296798,0.0026822739313423034,-0.019307623803013887,0.0067717216625657215,-0.008964012365694093,0.0070317987003278605,-0.005762076786264233,0.0017954376698898094,0.0024746292359815784,0.004516672607415907,0.0037963282572777376,-0.00931723869732007,34087_1.jpg
-0.06890253116912522,0.005682972446314295,-0.030754050269300576,-0.015175185320709812,-0.029101578600128804,-0.00016441864154168376,-0.01158753939047419,0.004860308785260275,0.007252934093012296,0.007793779024144424,-0.0013371729306749676,-0.011690857112548147,0.0004134379234342515,-0.0004762673107568654,0.0028507405806786406,-0.005375008587944529,-0.007101585808906044,0.004416785470049269,-0.012516777687861665,0.0003609096328483423,0.003714162041374279,0.00350911059166503,0.0030938619905028844,-0.018398378395693894,-0.005932592284320976,-0.004472822303370878,0.0009114072113750741,-0.0066676389604711775,0.0009637622772168458,0.006431936933935639,0.010633374205652654,-0.018583827993291974,0.009216016466093883,0.021684678779156797,0.005332615313035204,0.002187811627648266,-0.009610020703407397,-0.007926033158845344,-1.2512964312982362e-05,-0.007188872822876771,0.0015143201009019903,0.0006254100444071646,34115_1.jpg
-0.10946856821660998,0.0419064960889334,-0.010969497491500668,-0.003521151219599033,0.022178331221478546,-0.01103220313136568,-0.008797246024150655,-0.00299045926209717,0.04367056503203526,-0.015914415393574098,0.0007386462534533222,-0.01352940813645007,0.00510341412301802,-0.007139928015743248,0.02472297200465973,0.003253595367891846,0.0026305319934511965,0.012521227722052922,0.01181558655055295,-0.007901158094338367,-0.0007533044753854701,-0.004283067418266649,-0.0056882123908093525,-0.010242117975101148,0.0015256420215759884,-0.002826326421731185,-0.002753034827706073,0.004507077499130459,0.020541308781740448,-0.010726770589817233,-0.00199373434826538,0.0041060012867051915,0.005172574203048874,-0.005463896163242069,-0.017614865860918514,0.0014598805447608595,-0.010098511047037375,0.008655009731995802,-0.0036430365244385747,-0.00391262522824485,0.004679133774560062,-0.003745584376003721,3431_1.jpg
-0.057256951231335985,-0.01507045941328151,0.01035393118700235,0.027129548666461466,-0.0004994977144150512,0.018391159897190316,-0.002302044459801721,0.008335552047268564,-0.01044253441448218,-0.018179654208561415,-0.004494843540652213,-0.00323410480574647,-0.007181876765720564,0.009916327962715165,0.006280580867946481,-0.012108718706094628,0.009068678686435001,-0.009159501546251165,0.000563069902177593,0.0011356020222481494,0.009166233160006523,-0.014996895651105508,-0.015428540603183346,0.006885169952914379,0.013733789841182962,0.002020400447727085,-0.009655355832808443,0.0024778465675300283,-0.01780848126603518,0.004917172973545155,0.00013074606466718952,0.001045636206597693,0.021727852160151894,0.006007599316307253,-0.013888052460154865,-0.008992277437164627,0.010756195478550024,-0.005083110890924889,-0.01474708052036057,0.002322505764232087,0.013208628631534793,-0.003691462494590393,3521_1.jpg
-0.04873602287030798,-0.0028445280063903278,0.0039771465002453096,0.016401354425341148,-0.0017699159264113965,-0.01335228337836227,0.002060110926020073,-0.004815167094504561,0.0010937951014056916,-0.005338434194856589,0.017037906443720104,-0.00598009399235968,-0.0016521845348061353,0.0012332047453470316,-0.02361688043434036,-0.0049697408175147706,0.006888796686022799,-0.02059352096096434,-0.006585732555023545,-0.02521670515189729,-0.01035591121558215,0.006368465622986844,0.015411834731214123,0.008579161595359782,0.0011415723334546601,-0.013710963906841388,-0.009787218390014773,0.012572527558185392,-0.0020213205732274725,0.004877751753696751,-0.0021987002959905316,0.0021863161101574225,-0.007610916315866207,-0.0012809225221378695,0.0023949995099544043,-0.006733576857126429,-0.0023718413422575482,-0.0012788765904573716,-0.009943133659238518,-0.0011871812370991806,-0.006945568120967484,-0.009638478593905292,35512_1.jpg
-0.07916290031101565,0.00890668602679531,0.005156598782148841,0.010303386129538772,-0.004184219237025582,-0.014277907680670308,-0.00849838034181355,-0.006840864479564748,0.026521470803961413,-0.012676109397551986,-0.006184240229908938,0.01579961092026807,0.001198011564039357,-0.002853198135196394,0.008873416998443975,-0.010377033906815788,0.004086648017153027,-0.0009167398150645973,-0.001721193960218706,-0.0060229251416652205,0.00709566295281106,0.028537737672407294,0.007703798466789045,-0.0015534230409495814,-0.0005674473307720881,0.015820631291166364,-0.004747658646893255,-0.010606111418885249,-0.006163782025709655,-0.008448541009555433,-0.003811784120840095,-0.0004792258262635193,-0.0004243595418343195,-0.0001934963724261471,-0.0029872585841427403,0.0021270266256362743,0.011927120283840851,-0.00533954176883176,0.0003608304300425483,-0.0058032574946338,0.0012482467975057508,-0.0011163316942376877,420_1.jpg
0.07995924818158608,0.00652436182400966,0.028131763373481784,-0.021114772594827753,-0.017597216309384527,0.0076677287364288116,0.0009094837582252005,0.005417869463347107,0.011343589952742487,-0.0039300166031632205,0.0012113886399325766,0.005386972267204338,0.019043974599519106,0.03615522024801245,-0.00577439575244149,-0.00644024671990927,-0.026363961827416935,0.016817296214795843,0.03371894070475361,-0.00857359014461504,-0.006736475792561452,0.006442570065515781,0.009812396167859715,-0.01287165433035737,0.006305790142847462,-0.007049972642621567,0.0037346289526051803,-0.00682597466942162,-0.007771902119996414,0.0054326568737498495,0.007367424126686601,-0.0017052926961399584,0.0008048726591662967,-0.008888377946608409,0.009970986579680385,-0.006035561709218386,0.005753884819075201,0.005425175246572755,-0.01118865564147906,-0.0028134399783351126,0.0017968289682700933,-0.004060439555992474,517_1.jpg
-0.0007525618294765826,-0.01819788823693955,-0.009947634476422827,0.021276605476249325,-0.007450684408612924,0.021708220290058887,0.008360053201182185,0.016777397527659426,0.002272183947767317,-0.003995559572373779,0.007531590525826746,-0.010875999078521836,-0.014857330254207076,-0.006795133016571314,0.0006569175661605843,0.008603589960118183,0.011467401390094785,0.0024069191190387385,0.015237587948192598,0.003947363862717115,-0.000336422469307026,-0.0022498328008128234,-0.0025481521293916516,0.0019204086519922275,-0.0018146302014554838,8.819601378294762e-05,-0.004922421844455442,-0.005991201658286325,-0.0011074081345110506,-0.00047082006659274667,0.011024517914236824,0.00036207883865331053,-0.004076943022118789,-0.0010249174264665673,0.000544206242346088,-0.010600631762023438,-0.013660104483969813,-0.0004728023381615174,-8.612031471515961e-05,0.0015719759315028256,0.0014256394358297306,0.008488400412775335,5873_1.jpg
0.046014492164978216,-0.01848384587962791,-0.004616267036113985,-0.0014135550980436467,0.007686383074902269,0.008995420957645443,-0.0091755725203302,0.015939312465953773,-0.0014009973278724666,0.00811561956672531,0.0011002018444997267,-0.013829537561053084,-0.009235835821840586,-0.0005416488769113643,0.0007404304246090387,-0.00873977563441707,0.004956279822992104,0.011061690031442485,0.007378713052075384,0.01226542867569933,0.010445681842363429,0.012833247865090979,0.0003525859406880134,0.0031843877569945247,-0.0024201501505783465,-0.0039429751315756415,-0.011488763926125491,-0.0053383137414875345,0.007356155543772792,-0.0025591629239740308,0.02218896806486219,0.006035013837464666,-0.002743647295236784,0.006267657343282971,-0.0015327337823793927,-0.001459059675149141,0.00790473334782691,-0.0036784092279993443,-0.0018149208734581526,0.0036242168310247004,-0.006943215682522988,0.0021272602308343718,5997_1.jpg
-0.014072834906889188,-0.023028242326370935,0.014127272581768161,0.01651624381068123,1.701414467087475e-05,0.02200449080615479,-0.0054274490297305964,-0.004699368512627236,-0.01591546150643849,-0.013160681055007738,0.004665199634611807,-0.012355617628332522,-0.00946592912548788,-0.004168890696080096,-0.004573318095096577,-0.016301507499483617,-0.01923544788083127,-0.0013012028144634283,-0.015650901722422547,-0.0066365928342214725,0.000986164912554822,-0.0046926474865923926,-0.007617472774649853,0.0010349984888745895,0.0013293468187583343,-0.00461652451702969,0.012521284728711841,-0.008461479616380984,0.015185048407203812,0.0047343833178361446,0.0003082159508587505,0.0021119826239124244,-0.0015249173812196125,-0.004392624330301266,0.006602328960896058,-0.0009199275582816229,-0.0010924150336275218,0.008115091056038665,-0.00039815328099271634,-0.008909289945900017,0.0023437713533644828,0.00011729015895263939,6013_1.jpg
0.0601200477181159,-0.0067170891287356115,0.016900930525194913,-0.013677413147348912,-0.009713939344143928,0.02040044786601085,-0.0033450731302926253,0.014448163964601397,0.012498376764112213,0.0159193746490257,0.005228920234154728,-0.00025787791306786524,0.002137167345636639,-0.001612644462470312,-0.010477661231554743,-0.00674966090716629,0.029711332171974997,0.012529665288144674,0.0033875630383771818,-0.0010104101042992747,0.008305229745446178,-0.003883641903666542,-0.005651109532230535,0.006632341642133694,-0.01175871536567085,0.0008521859215492458,-0.011375059776081832,0.010086433371275736,-0.000980346359503568,-0.006267876096768592,-0.008041589481629297,0.004157282751318588,-0.00038629704322716514,0.0010766337924345386,0.005350383914707291,-0.009233126672720663,-0.0084143101288464,-0.004585828689008273,-0.004907423919894839,-0.003500809233438639,-0.0020164205119369773,-0.005759593821527466,7100_1.jpg
0.1508476492870727,0.15642057589865677,-0.02816454536683074,0.06994771024821876,0.00332357151549581,-0.023559204430196483,-0.016606881087148508,0.017253601215501665,-0.025537393255304883,-0.0030188210439995866,-0.017734868582213282,-0.013759523117630432,0.0011234158782168523,0.004829773833656054,-0.004672211064035597,-0.010700438727123684,0.009270331449001504,-0.0019318858785527227,0.003479642851404258,0.00029039025037475713,0.0003660619183197727,0.0060291565442973805,0.0018922399606341254,-0.009669401035295585,-0.011314274292754138,0.001037399128233921,0.0005843010407646972,-0.004888721083907845,0.0021296555054831777,-0.003633992753466256,-0.00467283161270409,-0.0044407252504644725,0.0011477418654136,-0.006432010001649969,0.002561573188335371,-0.006723225315114683,0.0005392608240825452,-0.0010127172285699223,0.0053275624375685865,-0.00044463316211943604,-0.00020557497221805038,0.0013902102028319364,8641_1.jpg
0.04879224631578174,-0.02356682491069205,0.004814946641486035,-0.011269770641538404,-0.00123138235002354,-0.0061668830825982,-0.006221184918925197,0.0010240944616439062,-0.006027799665248859,0.004727708121206533,0.013447443787096211,-0.006657780009916723,0.00029743745617761896,-1.3838317785181796e-05,0.0022483962622337206,-0.010595494982613562,-0.006072337827185712,0.003174144606830925,-0.009009160289693438,-0.01191603453652342,-0.014084369706030461,-0.009360310991639016,-0.006958306064782595,-0.0018182144606499573,-0.01738110232048477,0.010307213879903718,-0.007037684116080531,-0.015006162601699787,-0.010690206251946296,-0.006757339710729319,0.005942261457190717,0.029753799974956727,-0.01167168000795595,-0.0059146251476095086,-0.003621484597518188,0.003144595256798968,-0.003345016731908745,0.004845486166983978,-0.0012072055745093147,-0.007437576342448649,-0.00599100536416298,0.005849512120671835,9001_1.jpg
-0.043645510600163785,-0.010119177830252341,-0.027699704830834164,0.008487578075911892,-0.024965194650401704,0.0037778777404223387,-0.0031157388326759987,0.0011370340766785566,0.0005444019763118927,0.0021309432106813163,-0.018476441104876895,0.01389052456123515,-0.006223966195708281,0.006936158609982838,0.01212195591374576,0.007187122551447737,-0.0047892605507216714,-0.0066558546151480455,-0.003195087490367186,-0.008427126905582056,-0.00846884453738357,-0.007771251042446562,-0.01472065562405185,-0.001224259238346123,0.010677745240822642,-0.009316560125788548,-0.0100506764086699,-0.003391119366877435,0.005119723079512329,-0.0036269622991313252,-0.00584523682095521,0.0007121309128222561,-0.006687089564765146,0.004330434278651312,0.0067804161154985465,0.00398178479578823,0.011356601322704045,-0.005494477861459325,0.0043945054221324305,-0.003117559022665009,0.000981460231100966,-0.003118864752416195,90532_1.jpg
-0.053999948818555514,0.0062371424934931745,0.025875329907767388,0.02223483258778998,0.029314413881449067,0.014798517410177308,0.009919474952117396,-0.011547149485093732,0.018337804533215228,0.007058919517629384,-0.01439165969939568,-0.0015249209788326162,0.03325706173843633,-0.013352817811323935,-0.01910141175788908,0.011340025643692962,-0.0021193229469753942,0.004823590266864829,-0.0054954638899503885,0.012324448788228115,-0.008838555076762416,0.0015717431772375155,-0.0024294574751353463,-0.0014232765881919914,-0.002845111671933618,-0.0014073929176037583,0.0036575494659048195,-0.0061859854410875,-0.015313290372775876,0.004429990648086548,0.0006186855068123116,-0.010250661918628716,0.0008431956881537867,-0.004296901417223469,-0.0019392195825017437,-0.00792250029372137,-0.011967378065259136,-0.01061524898311177,-0.003930851115794614,-0.010402945269399643,-0.001427510777684226,0.00819249819081123,90547_1.jpg
0.00016177379864583844,-0.015758873408808348,0.0032285743413489783,0.012871542080469946,-0.0030276302673925386,-0.0039191225627135335,0.0032853384292096713,-0.013971537669716884,-0.0038246881411960654,-0.0019144306446406277,-0.00638709607882388,-0.007738235281744541,-0.008848200302981281,0.009751978513933562,0.00699694921063577,0.014027220064980047,0.00024212999958733397,0.014433222032410487,-0.0025344562640832007,-0.005423052900861899,-0.009967207375485962,-0.0024658693217872443,-0.019482280670074126,0.012041381845389209,0.007920932872291647,0.0067445501413933295,0.008748851549397406,-0.0012309391712792973,0.004536433931397503,-0.010699356398295657,-0.0003527804822305539,-0.017131628940982663,-0.017146586053841492,0.0004371271111101803,0.007574006611430919,-0.012654146105039996,0.0014385164975481777,-0.0001777721762731583,-0.001342916371681979,-0.0031096848306930483,-0.006532311739044915,0.0005632128203730593,90548_1.jpg
0.05651297504077861,-0.022721387158560938,0.02275904410203614,-0.01707792650766902,-0.00046042872710846657,-0.002614635782742587,0.003436824237085084,-0.0022888194497973267,-0.010161752004117364,0.015484075764573248,-0.00019365914776238517,0.011485472197701399,-0.002249434651701694,-0.0015540258790439734,0.011282318335834924,0.009218605039254039,0.0039016087567761547,-0.005498644247498533,-0.009394126731023064,-0.010583624979029151,0.02303628084592216,0.01906385991927634,-0.008655027962275064,-0.004647199855550722,-0.004722798840535686,0.00908556960494954,0.0022222379394693224,-0.0019681764048283795,-0.011066502546588421,-0.008544272358098615,0.004061354127377209,-0.013700368711020748,0.006366275128422925,-0.017409365170265007,-0.011272055014263723,0.00238180832916797,0.005115810807974415,0.010519641065169333,0.002612283052874137,-0.011124614935747217,-0.0035977634522848644,0.003688576352943109,9056_1.jpg
0.03386461923904014,-0.035199751793485765,0.014471955246457014,-0.02839471934837172,-0.0035186054369165686,-0.017487019143509582,-0.03057170018370603,0.011547964506719141,0.007851057726639299,0.003064912563471112,-0.01585686078381675,0.011747632633242156,0.0025164128952345614,0.016380649029502422,-0.008311159006383607,-0.006596176755001896,0.007246935010914433,-0.017646472287783335,-0.005674967406739749,0.011362462504136858,-0.017319499766178168,-0.010529016564706332,-0.00010439609421365133,-0.0015033434780489549,-0.0036927980961037263,0.005942039528628702,0.009975509687799996,0.0005403473211796152,0.01080010049627972,-0.0021735289293111277,0.011834854475970845,-0.009149524867870346,0.004820450738515832,-0.004692174188610052,-0.0048362582423004145,-0.0020016284936994204,0.0021216479197499784,-0.0008615995055905424,0.004899921942825896,0.010568400408845149,-0.00312615048603506,-0.0037669612190587318,90589_1.jpg
0.1118998693877096,0.03446228521420994,-0.015455963804036422,-0.006233603444252219,0.0193791164130958,-0.0019683619332992587,0.004101739726475582,0.008680145339876533,0.004731655912174833,0.001323665544046472,-0.005419187422406879,0.005284804442445957,-0.00531589208406545,0.013185385015349691,0.006626064786306304,0.014031517113634963,-0.016345713149875027,0.004962512076243057,-0.018676462629753296,0.0019116162030406315,-0.00077182921869392,0.009804547049049369,0.00805228093551261,0.01785961457714035,0.008258415785443526,-0.009898151845431497,-0.011396175560828656,0.0024470270164011795,-0.0021450576788404822,-0.009102304883575664,-0.0014127416019965064,0.008129073433432058,0.015013561499695604,0.0030528529098013736,-0.0009060634277564824,0.012531499253815265,-0.007343157762216468,-0.004105178394287711,0.0030906903958496648,-0.00014745015415144005,-0.0122032867408757,-0.010577773913485322,9191_1.jpg
0.060479674445429864,-0.024554422509564598,-0.00589889199191964,-0.024464252618316078,0.009981285672256288,-0.015742383989003152,0.002559633363323512,0.01157103357532702,0.0005473589341806335,-0.011630961837587148,-0.0069440685754343255,0.009008348340046709,0.007023479917456186,0.0175885655536504,-0.0032080421947737986,0.012611444993645372,0.003399596287831655,-0.0007934005984512172,-0.012920248541764707,0.008449417934685524,-0.01732954349794713,0.0009861835112288456,-0.00043676536608963656,0.005886483172467529,-0.009022687978405036,0.006839220759666582,0.0040615527061833665,0.009991865916347252,0.007029427208146147,0.0038308916029656417,0.008540393796006764,0.00449232618664799,0.008315889232842025,0.0058022464086787354,-0.00748773034579122,-0.0133021599882538,-0.00026322090929067893,-0.0007910609078595685,0.005101163554700575,-0.007515813139890034,0.002625624984769205,0.002181549855764891,9215_1.jpg
-0.008771248220006406,-0.041045624162141386,0.007272950349895671,0.001804200472464637,-0.007048589941482217,-0.029694872534596885,0.00920122361863977,-0.017467976728777826,-0.019647833019567393,-0.01033344213606562,0.0010787401815552913,0.006141548710842817,-0.00830310838949801,-0.0014353111016692556,-0.0043974371720954504,-0.004781083963735927,0.015617694416267156,0.005759305097616962,0.018071435558395164,0.026289946472794232,0.011304032365252114,0.0026417905066627068,0.0021014835695757467,0.0035799213609017735,0.0002103881824664086,-0.0040367938609587335,0.00790923155294112,-0.003190064374745525,-0.00282658604121842,-0.0022511695336780834,0.002018459603427151,0.006558921355451297,0.013391690757439102,0.0016937368396502915,0.013060719477693054,0.0013619704154858962,-0.004241061844276019,0.009186548917004975,0.00754025751004949,-0.016015226594183835,0.003504715481119182,-0.004028014196246048,9418_1.jpg
0.03551571374963503,-0.026660726451572404,0.007415172319821636,-0.014724212720014184,-0.002352007482404053,-0.003518365345153051,-0.009637075810076024,0.003968015295262457,0.002861858994505213,0.038632128861181454,-0.0031160269231656885,0.008253683027119207,0.005784701741256241,0.006781976179365805,-0.0041263047024276715,-0.021660144455560377,0.0077548962426940765,0.004305682231037682,-0.0034787169420426424,-0.0017583342051996137,0.008191917961610342,-0.005000388025521605,-0.002084640302974019,0.0026610019852572183,0.0009455332694622173,-0.004193025986816654,-0.0066197894695326515,0.015652637937268236,0.000779704152375577,-0.00866205736984655,-0.008676191966837003,-0.007517962562680394,-0.0008547114543942146,-0.0027634099640082483,0.0017346506697656686,-0.006247809771690591,-0.0027568622378748324,0.002801496079382577,0.0015990314050681742,0.0030797337035263564,0.00015384275222108304,-0.003049307083320444,9466_1.jpg
0.029518837630552245,-0.0392135840382678,-0.009533503569902325,-0.004850267449296556,0.012738910326908652,0.030070267266245964,-0.018428937875835834,-0.0146814309279186,-0.013496914439784704,-0.008403025908908988,-0.001281111232747505,-0.006971420456878742,0.003799487766539466,-0.006699993056292842,-0.01139697186806156,0.0009958140675111501,-4.021399975925189e-05,0.0001720526592655961,-0.0027828523515583538,0.010865393578638898,-0.0011231680427370855,0.0011323392147901147,0.005319251886369625,-0.007632831879967651,0.00013265907899487795,0.0005800593082798765,-0.0009907166523925833,-0.004738807987993498,0.009801429363909833,0.00036065950949181635,-0.004691243885860967,-0.005219950318161637,0.0028635346180956867,0.0006283326754513726,-0.005017473718497332,0.003247394713816251,0.004796106805699649,0.0005599421492222785,0.003605789035301276,0.002505943658970985,-0.0008809834826766006,-0.0031547655300036234,9494_1.jpg
0.09435441543943787,0.01786533580429109,0.0024635454888032554,-0.00641880044228799,-0.009917873366428754,-0.0032540353429375774,0.003965466782300417,0.0014362716125531803,0.004366896657243321,0.01146072012389338,0.0042282743255996685,0.011742659452690127,-0.008284472650089983,-0.030447499969880346,0.009298425994413334,-0.013632242188784673,0.005247196336901889,0.04179662098762376,-0.0016765735812695076,-0.01294741272182148,-0.016237245190611226,-0.010316654590286295,0.011060388751967094,0.011327177512277966,0.008707319135178627,0.0003829364048207053,0.0069425488999277874,-0.006007193520921929,-0.0028771555955605073,0.01993719320209883,-0.006329525428352671,-0.003552101207928001,0.004729702428424506,0.0021569454863057335,-0.008098583225875743,-0.0045865185368117066,0.008648813525820531,-0.000693798445477321,0.012258294349614904,0.0020693971366266104,0.0015071919652883496,-0.00222273773465713,9496_1.jpg
-0.1419573326243159,0.0964790946485199,0.001688733201618073,-0.06344312546148298,0.03633213554689464,0.006846715056937582,0.010630749805209625,0.0008531697725024851,-0.011139909266510817,-0.008277820650784829,-0.0018385652753528583,-0.0061792106058029825,0.009522011903640108,-0.007673647686355761,0.0055088128011341045,-0.013629502420562496,0.008215416336618663,-0.0005304406746790032,-0.0035835549452399385,0.0006483397145779411,-0.009779814707707104,0.0074017313840760305,-0.020512155246688427,0.005123814716283912,-0.005518015308040289,-0.02099271492558153,0.0009951667980104245,0.009186916315525972,-0.009433512095559739,-0.002619296167761537,0.007161612914563587,-0.0002275845372558512,-0.001867780720444688,0.000725775986666559,0.013091376132241584,-0.001584890548563327,0.011158590646095229,0.008707627122960087,0.004076210912132722,0.0024869142124378622,0.0005281778536475116,0.0028789526317344514,97910_1.jpg
